player_name,team,raptor_box_offense,raptor_box_defense.raptor_box_total,predator_offense,predator_defense,predator_total
Alex Abrines,OKC,-3.215683211,1.07839855,-2.137284661,-4.577677599,1.543281733,-3.034395865
Quincy Acy,PHO,-5.74131663,3.253365283,-2.487951347,-5.877810864,2.495748342,-3.382062522
Jaylen Adams,ATL,-2.679919718,-4.592001676,-7.271921394,-2.023145309,-4.304853077,-6.327998386
Steven Adams,OKC,-1.260986814,2.230359714,0.9693729,-5.28013449,0.1557537,-5.12438079
Steven Adams,OKC,-0.980854316,2.017711836,1.03685752,-0.170328941,3.133771762,2.963442822
Bam Adebayo,MIA,-1.952989038,2.562255537,0.609266499,-2.152282678,2.278351869,0.126069191
Deng Adel,CLE,-6.123817445,0.106191641,-6.017625804,-6.224152153,-2.111308565,-8.335460717
DeVaughn Akoon-Purcell,DEN,-2.930857794,-1.704815334,-4.635673128,-1.262366442,0.66152002,-0.600846423
LaMarcus Aldridge,SAS,1.638492572,0.812612298,2.451104871,-1.577895045,5.142340321,3.564445276
LaMarcus Aldridge,SAS,0.556707957,1.883612815,2.440320772,0.797585745,0.848061568,1.645647313
Rawle Alkins,CHI,-4.635093214,-1.942549105,-6.577642319,-5.339835045,-3.413978187,-8.753813232
Grayson Allen,UTA,-7.044635781,-6.919957739,-13.96459352,-8.832492042,-8.682235554,-17.5147276
Grayson Allen,UTA,-4.214446774,-4.62088345,-8.835330224,-3.970136759,-4.558908137,-8.529044896
Jarrett Allen,BRK,0.58301727,-9.222760829,-8.639743558,-3.27897861,-7.242623575,-10.52160218
Jarrett Allen,BRK,-2.239966457,-2.144710015,-4.384676471,-1.515219146,-1.770966462,-3.286185608
Kadeem Allen,NYK,1.660237269,-0.735413113,0.924824156,1.129782747,-1.333298032,-0.203515285
Al-Farouq Aminu,POR,-0.772842293,-0.486825909,-1.259668203,-1.023038546,-0.777889953,-1.8009285
Al-Farouq Aminu,POR,-0.451814907,1.058846079,0.607031172,0.453090634,0.99128424,1.444374874
Justin Anderson,ATL,-2.422407737,-0.407855849,-2.830263586,-1.582505321,-1.319524592,-2.902029913
Kyle Anderson,MEM,-1.926641189,2.072068956,0.145427767,-2.713379751,2.561588579,-0.151791172
Ryan Anderson,PHO,-2.225289848,-2.176216468,-4.401506316,-2.183460961,-2.721894367,-4.905355328
Ryan Anderson,MIA,-4.901807395,-4.569169369,-9.470976764,-3.749130152,-4.981757007,-8.730887159
Ike Anigbogu,IND,-22.88766139,-36.40977098,-59.29743237,-13.64704612,-22.5906831,-36.23772923
Giannis Antetokounmpo,MIL,2.789067268,4.202335754,6.991403022,4.489336442,4.141307529,8.630643971
Giannis Antetokounmpo,MIL,4.601266305,2.164171427,6.765437732,4.25709844,2.499310333,6.756408773
Kostas Antetokounmpo,DAL,-13.95053998,25.44575147,11.49521149,-11.63720212,17.83794587,6.200743745
Carmelo Anthony,HOU,-1.461868056,-2.625549727,-4.087417782,-1.13155602,-2.095680492,-3.227236512
OG Anunoby,TOR,-2.457608647,-0.142668547,-2.600277194,-3.215638423,-0.129332729,-3.344971152
Ryan Arcidiacono,CHI,-0.289504821,-0.628646506,-0.918151326,-1.028346758,-0.310010304,-1.338357063
Trevor Ariza,PHO,-0.825901944,-2.060813451,-2.886715395,-1.016008519,-1.240490466,-2.256498984
Trevor Ariza,WAS,0.235441601,-1.700555922,-1.465114321,0.663967673,-1.607898973,-0.9439313
D.J. Augustin,ORL,2.777259666,-1.312345171,1.464914495,3.442936166,-4.443668821,-1.000732655
D.J. Augustin,ORL,1.787324804,-2.347935981,-0.560611178,1.138018305,-2.084138279,-0.946119974
Deandre Ayton,PHO,-1.015468732,-1.923837901,-2.939306633,-0.888797542,-0.846975124,-1.735772666
Dwayne Bacon,CHA,0.131839419,-3.002659726,-2.870820307,0.045902856,-2.799223317,-2.753320461
Marvin Bagley III,SAC,-1.091444799,-1.590524666,-2.681969464,-0.962051503,-2.119550379,-3.081601882
Ron Baker,NYK,-2.617110032,4.704129656,2.087019624,-4.539080079,3.637732475,-0.901347604
Ron Baker,WAS,-7.871005713,-2.594267567,-10.46527328,-9.408843982,-3.288405549,-12.69724953
Wade Baldwin IV,POR,-9.023446551,-4.56769739,-13.59114394,-10.65327595,-5.076884613,-15.73016056
Lonzo Ball,LAL,-0.651188903,0.630947325,-0.020241578,-1.184150692,1.555231038,0.371080346
Mo Bamba,ORL,-4.073310003,-0.631145531,-4.704455534,-4.329425476,-1.296610569,-5.626036045
J.J. Barea,DAL,1.859356868,-1.044350095,0.815006773,1.4590606,-1.438768466,0.020292134
Harrison Barnes,DAL,-0.579934595,0.094689373,-0.485245222,-0.40245682,0.1628014,-0.23965542
Harrison Barnes,SAC,-1.073404162,-1.719900618,-2.79330478,-1.31245275,-1.632658861,-2.945111611
Will Barton,DEN,-1.531403607,-1.298329865,-2.829733472,-5.802281801,-3.493310431,-9.295592232
Will Barton,DEN,-1.262454503,-2.446768195,-3.709222697,-1.09160811,-2.032479484,-3.124087594
Keita Bates-Diop,MIN,-3.828133194,-0.185885216,-4.014018411,-3.250541094,-0.690658458,-3.941199553
Nicolas Batum,CHA,-0.862803955,-0.374062454,-1.23686641,-0.567228905,-0.230240085,-0.79746899
Jerryd Bayless,MIN,-1.571622251,-5.632175467,-7.203797718,-1.306543212,-5.091015041,-6.397558254
Aron Baynes,BOS,-3.582142182,8.021155987,4.439013805,-4.19253343,5.402010146,1.209476717
Aron Baynes,BOS,-1.910178352,3.115341049,1.205162697,-1.694266199,2.657990242,0.963724042
Kent Bazemore,ATL,-1.780192769,0.40205025,-1.378142519,-2.47957797,0.401210263,-2.078367707
Bradley Beal,WAS,4.020054457,-0.402697351,3.617357107,4.347520966,-0.622754217,3.724766749
Malik Beasley,DEN,0.521428349,-2.396237199,-1.87480885,-2.018777998,-4.412783677,-6.431561675
Malik Beasley,DEN,0.295499791,-0.682340534,-0.386840743,0.642984353,-1.011886326,-0.368901973
Michael Beasley,LAL,-1.444108636,-3.084592933,-4.528701569,-2.245294143,-2.974412428,-5.219706571
Marco Belinelli,SAS,-1.48726755,-3.6069985,-5.09426605,-0.849247788,-5.214140577,-6.063388366
Marco Belinelli,SAS,0.57989718,-2.150145717,-1.570248536,0.382586532,-2.3631765,-1.980589968
Jordan Bell,GSW,0.406364807,-0.697050643,-0.290685837,-0.042541101,-2.206329054,-2.248870155
Jordan Bell,GSW,-3.047364506,1.142794629,-1.904569877,-2.512940336,0.139444484,-2.373495852
DeAndre' Bembry,ATL,-3.059592004,0.539160574,-2.52043143,-2.583355836,0.605894158,-1.977461677
Dragan Bender,PHO,-4.181632064,-2.007447424,-6.189079488,-4.326546341,-1.878977228,-6.205523569
Davis Bertans,SAS,-1.008938117,-1.515552588,-2.524490705,-1.339075355,-2.469239917,-3.808315272
Davis Bertans,SAS,1.312941707,1.309772421,2.622714127,1.988265291,0.644357104,2.632622395
Dairis Bertans,NOP,-5.347416385,-5.327659,-10.67507539,-4.934067852,-5.509982831,-10.44405068
Patrick Beverley,LAC,0.730704992,4.593092651,5.323797643,0.237080077,6.124756667,6.361836743
Patrick Beverley,LAC,0.553789583,0.993489583,1.547279166,0.658631014,1.670259444,2.328890458
Khem Birch,ORL,-1.896764081,1.988216624,0.091452543,-2.1952199,2.329571991,0.134352091
Khem Birch,ORL,0.283549969,3.717486921,4.00103689,-0.390104667,2.192523074,1.802418407
Bismack Biyombo,CHA,-3.312341907,-1.527734465,-4.840076372,-3.433957673,-1.941505523,-5.375463196
Nemanja Bjelica,SAC,0.622524622,1.326871326,1.949395948,0.923401496,0.988696431,1.912097927
Antonio Blakeney,CHI,-3.674307737,-4.368782941,-8.043090678,-3.451717236,-5.196974336,-8.648691572
Eric Bledsoe,MIL,0.831511598,2.319874897,3.151386495,1.919078585,2.699418846,4.618497431
Eric Bledsoe,MIL,3.148722794,2.654239213,5.802962006,3.194151134,2.304647485,5.49879862
Jaron Blossomgame,CLE,-2.184054742,-0.28281346,-2.466868202,-1.633646899,-1.741398672,-3.375045571
Bogdan Bogdanovic,SAC,2.159103035,-0.261058286,1.898044749,1.494484554,-0.109787958,1.384696597
Bojan Bogdanovic,IND,0.086883233,-3.050401817,-2.963518584,1.795368732,-2.792294873,-0.996926141
Bojan Bogdanovic,IND,0.670177676,-0.564455149,0.105722528,0.487538405,-0.466133656,0.021404749
Andrew Bogut,GSW,-0.342380277,1.202197905,0.859817628,-1.778973052,3.105843727,1.326870675
Andrew Bogut,GSW,-5.128999821,2.390669186,-2.738330634,-5.095763019,1.22713246,-3.868630559
Jonah Bolden,PHI,-6.390693358,-5.300296024,-11.69098938,-5.493738504,-5.852479112,-11.34621762
Jonah Bolden,PHI,-1.947039273,0.324927789,-1.622111483,-2.049269614,-0.296801612,-2.346071226
Isaac Bonga,LAL,-6.939471577,4.396983076,-2.542488502,-5.237186223,3.862148685,-1.375037538
Devin Booker,PHO,3.290666922,-2.644805557,0.645861365,3.075762574,-2.860810965,0.214951609
Chris Boucher,TOR,-4.854819044,-9.454119689,-14.30893873,2.366753004,-12.82699413,-10.46024112
Chris Boucher,TOR,0.613127189,-2.760034652,-2.146907463,1.585492541,-1.665432866,-0.079940326
Avery Bradley,MEM,0.808144099,1.417285446,2.225429545,-0.748472636,0.837595575,0.089122939
Avery Bradley,LAC,-3.517670174,0.619880804,-2.897789371,-3.618477433,0.566748864,-3.051728569
Tony Bradley,UTA,1.781411253,-1.815948754,-0.034537501,-1.101701719,-1.640267267,-2.741968986
Corey Brewer,SAC,-0.576236745,1.593132843,1.016896097,-1.658708137,1.480667246,-0.178040891
Corey Brewer,PHI,-2.9776841,6.598047044,3.620362945,-2.832024299,6.024807761,3.192783462
Mikal Bridges,PHO,-1.095409324,1.060347378,-0.035061947,-1.275155664,1.615939441,0.340783776
Miles Bridges,CHA,-1.583805246,-0.533562186,-2.117367433,-1.224676491,-1.066441654,-2.291118145
Isaiah Briscoe,ORL,-3.858415285,-0.438017458,-4.296432744,-3.94515393,0.370295337,-3.574858593
Ryan Broekhoff,DAL,-0.310812813,-1.272695305,-1.583508118,-0.262820617,-1.739482326,-2.002302943
Malcolm Brogdon,MIL,2.574144531,2.625979291,5.200123821,5.595773752,2.677612102,8.273385854
Malcolm Brogdon,MIL,2.399967462,0.853380954,3.253348416,2.148575859,0.93682257,3.085398428
Dillon Brooks,MEM,-3.619632526,-1.612572797,-5.232205322,-3.589391119,-0.863104267,-4.452495386
MarShon Brooks,MEM,-1.64009037,-1.477585781,-3.117676151,-1.955962426,-1.774653048,-3.730615474
Bruce Brown,DET,-3.951084204,2.050911406,-1.900172799,-1.599348488,-0.244933169,-1.844281658
Bruce Brown,DET,-2.845873195,2.332129491,-0.513743705,-3.303250404,1.853150254,-1.450100151
Jaylen Brown,BOS,-0.613746844,-0.976017349,-1.589764193,-0.408083636,-1.595622094,-2.00370573
Jaylen Brown,BOS,-1.288957106,0.513227339,-0.775729768,-1.219563921,1.072418987,-0.147144934
Lorenzo Brown,TOR,-3.301166947,0.140901962,-3.160264985,-4.129235694,-0.029443102,-4.158678795
Sterling Brown,MIL,-1.319790903,-0.137547145,-1.457338049,-0.775900768,-0.301402297,-1.077303065
Sterling Brown,MIL,-1.420553261,-1.046923694,-2.467476955,-1.815686259,-1.266686809,-3.082373068
Troy Brown Jr.,WAS,-1.905490852,-2.26713436,-4.172625212,-1.767314047,-2.775581202,-4.542895249
Jalen Brunson,DAL,0.086482845,-0.50053039,-0.414047545,-0.532250522,-0.391575419,-0.923825941
Thomas Bryant,WAS,0.174717189,-1.614665276,-1.439948087,-0.145101733,-1.711140103,-1.856241836
Reggie Bullock,LAL,-1.970126828,-0.720004132,-2.69013096,-1.704206085,-0.89978753,-2.603993615
Reggie Bullock,DET,-0.813574286,-1.082451277,-1.896025563,-1.15501345,-1.23195389,-2.386967341
Trey Burke,DAL,2.110213976,-2.580890918,-0.470676942,2.085271773,-1.745232755,0.340039017
Trey Burke,NYK,1.889291735,1.094934106,2.984225841,0.812318626,-0.406626778,0.405691848
Alec Burks,UTA,0.732952123,-2.927724198,-2.194772076,-0.041602323,-2.647626336,-2.68922866
Alec Burks,CLE,-0.274657761,-1.086901504,-1.361559266,-0.077129012,-1.448606748,-1.52573576
Alec Burks,SAC,-3.207523296,0.588688745,-2.618834551,-3.048468062,0.36862884,-2.679839222
Deonte Burton,OKC,-19.16213798,-7.562579315,-26.72471729,-21.59555053,0.917040581,-20.67850995
Deonte Burton,OKC,-5.067977735,2.470111989,-2.597865746,-5.476093681,1.921466776,-3.554626905
Jimmy Butler,PHI,5.548754077,2.596362053,8.14511613,6.69940397,2.415281821,9.114685791
Jimmy Butler,PHI,2.955126559,2.072845783,5.027972341,2.865997202,2.058479086,4.924476287
Jimmy Butler,MIN,3.706969755,1.146596472,4.853566227,2.977276353,1.806215085,4.783491438
Bruno Caboclo,MEM,-1.025309063,-0.43595639,-1.461265453,-1.635830093,-0.22628021,-1.862110303
Jose Calderon,DET,6.205008387,-4.010636997,2.19437139,5.519212639,-5.594764889,-0.07555225
Jose Calderon,DET,-3.29096081,-2.279615378,-5.570576188,-4.402370025,-2.628682768,-7.031052793
Kentavious Caldwell-Pope,LAL,1.055465121,0.208492838,1.263957959,0.302269956,-0.066767722,0.235502235
Isaiah Canaan,MIN,2.105806741,-3.205487656,-1.099680915,1.405008947,-4.325135982,-2.920127035
Isaiah Canaan,MIL,-5.059074347,-3.319335438,-8.378409785,-5.717813522,-6.956332218,-12.67414574
Isaiah Canaan,PHO,-2.339567722,-2.358544009,-4.698111731,-1.655320127,-1.51574062,-3.171060747
Clint Capela,HOU,-1.423733689,2.145755917,0.722022228,0.821513366,0.913570733,1.735084098
Clint Capela,HOU,0.946816799,2.161626201,3.108443001,1.575526502,2.180693147,3.75621965
DeMarre Carroll,BRK,-2.720982412,-2.98864328,-5.709625691,-1.498157954,-4.828078875,-6.326236829
DeMarre Carroll,BRK,-0.38522639,-0.801300216,-1.186526607,-0.805940756,-0.9176215,-1.723562257
Jevon Carter,MEM,-2.827583116,0.214045142,-2.613537974,-3.353395146,0.603579769,-2.749815377
Michael Carter-Williams,ORL,-2.506287046,7.51768756,5.011400513,-2.422991022,7.590494889,5.167503867
Michael Carter-Williams,ORL,1.65097273,0.963304012,2.614276742,1.859984259,2.020706127,3.880690387
Michael Carter-Williams,HOU,-2.03136159,0.238067319,-1.793294271,-2.462453219,0.231958554,-2.230494665
Vince Carter,ATL,-0.216999688,-1.06969965,-1.286699338,-0.362867642,-1.26457685,-1.627444491
Wendell Carter Jr.,CHI,-3.846317792,1.143936522,-2.70238127,-4.524269419,1.281799147,-3.242470271
Alex Caruso,LAL,2.147171833,2.688800468,4.835972301,0.750970517,2.594952915,3.345923432
Omri Casspi,MEM,-0.537776789,2.438779605,1.901002816,-0.97346402,1.408239964,0.434775944
Willie Cauley-Stein,SAC,-2.648307994,1.444718015,-1.203589979,-1.729854044,1.65585202,-0.074002023
Troy Caupain,ORL,14.30346455,5.016602161,19.32006671,7.686273461,3.628737321,11.31501078
Tyler Cavanaugh,UTA,-4.708308095,-5.56764865,-10.27595675,-7.109707754,-5.787522518,-12.89723027
Tyson Chandler,PHO,-3.95378754,-5.39185154,-9.34563908,-5.833995311,-2.733281073,-8.567276383
Tyson Chandler,LAL,-3.843493802,2.373019479,-1.470474323,-4.321417136,2.260703757,-2.060713379
Wilson Chandler,LAC,-3.494549515,1.346129119,-2.148420396,-3.785075761,3.230671015,-0.554404747
Wilson Chandler,LAC,-4.232261792,-2.924208773,-7.156470565,-4.06452833,-3.027728141,-7.092256471
Wilson Chandler,PHI,-1.85206116,-0.081233658,-1.933294818,-1.235008572,-0.513817686,-1.748826258
Joe Chealey,CHA,-10.02906465,-10.46751121,-20.49657586,-5.187206569,-13.62727165,-18.81447822
Chris Chiozza,HOU,-2.875147525,-9.539618069,-12.41476559,-3.760837068,-7.565383565,-11.32622063
Marquese Chriss,CLE,-4.745150558,-3.958587937,-8.703738495,-3.943296387,-4.376254936,-8.319551322
Marquese Chriss,HOU,-11.69028832,-2.670335389,-14.36062371,-9.083408674,-3.74184956,-12.82525823
Gary Clark,HOU,-3.913908988,0.637982729,-3.27592626,-5.124982678,-5.587805743,-10.71278842
Gary Clark,HOU,-1.136763967,-2.028822994,-3.16558696,-0.559243557,-2.017439063,-2.57668262
Ian Clark,NOP,-2.086981553,-3.684948993,-5.771930546,-2.246744783,-3.302576629,-5.549321412
Jordan Clarkson,CLE,1.911316647,-2.540019636,-0.628702989,2.078466364,-2.573352634,-0.49488627
Darren Collison,IND,-3.62472903,0.231042199,-3.393686831,-1.96376834,2.270883615,0.307115275
Darren Collison,IND,0.929512816,0.429411996,1.358924813,0.229925112,0.534526077,0.764451189
John Collins,ATL,2.473235393,-0.287192618,2.186042775,3.4621486,-1.044357041,2.417791558
Zach Collins,POR,-0.519040616,-0.32353975,-0.842580366,-1.958082612,1.055799838,-0.902282774
Zach Collins,POR,-1.158096904,-0.762081935,-1.920178839,-1.772989772,-0.771158371,-2.544148143
Bonzie Colson,MIL,-2.510220606,-3.834669705,-6.344890311,-1.810751601,-4.581203581,-6.391955182
Mike Conley,MEM,4.573464586,1.491785628,6.065250215,3.512718915,2.155744018,5.668462933
Pat Connaughton,MIL,0.388577123,1.325428522,1.714005645,0.163740899,0.830961723,0.994702622
Pat Connaughton,MIL,-0.098927637,0.525336367,0.42640873,-0.275014368,0.113280286,-0.161734083
Quinn Cook,GSW,-1.643595781,-1.538015317,-3.181611098,-2.400939142,-3.950711062,-6.351650205
Quinn Cook,GSW,0.299605895,-3.942648815,-3.64304292,0.080672271,-3.74570733,-3.665035059
DeMarcus Cousins,GSW,-3.832696339,0.880870315,-2.951826024,-2.981340254,0.572402296,-2.408937957
DeMarcus Cousins,GSW,0.151438529,6.521565893,6.673004422,1.320562841,5.283799125,6.604361965
Robert Covington,PHI,-1.170210999,5.80723496,4.637023961,-0.326295681,4.883483427,4.557187747
Robert Covington,MIN,0.24194009,1.996311696,2.238251786,0.038932897,3.932704222,3.971637119
Allen Crabbe,BRK,-2.521498646,0.180579663,-2.340918984,-2.525984208,0.037788947,-2.488195261
Torrey Craig,DEN,0.493102723,0.959836757,1.45293948,-0.963799187,0.713641818,-0.25015737
Torrey Craig,DEN,-1.044198064,0.531686139,-0.512511925,-0.611197091,0.122675637,-0.488521454
Jamal Crawford,PHO,-0.236624353,-5.70237242,-5.938996773,-1.453148068,-6.102992766,-7.556140833
Mitchell Creek,BRK,7.93929245,-3.198528142,4.740764308,7.456860767,-3.079974756,4.376886012
Mitchell Creek,MIN,-4.034042987,-8.627179117,-12.6612221,0.346102726,-10.26738959,-9.921286866
Jae Crowder,UTA,1.28320348,1.839035086,3.122238566,-2.83820723,1.552008205,-1.286199024
Jae Crowder,UTA,-0.124616922,0.82352958,0.698912658,0.610920089,0.631889827,1.242809916
Dante Cunningham,SAS,10.83651549,3.038181058,13.87469655,4.836345986,2.203028555,7.039374541
Dante Cunningham,SAS,-1.465744851,-1.764679689,-3.23042454,-2.460055165,-2.324891921,-4.784947086
Seth Curry,POR,-0.214102048,1.720702951,1.506600903,-0.676116123,2.696336817,2.020220694
Seth Curry,POR,-0.129745817,-0.266202283,-0.3959481,-0.144320445,-0.70803564,-0.852356085
Stephen Curry,GSW,7.930617575,-1.305367378,6.625250196,6.882926378,-0.025825714,6.857100664
Stephen Curry,GSW,7.156678084,-0.094462213,7.062215871,8.486089978,0.864722101,9.35081208
Troy Daniels,PHO,-0.92128413,-1.637621074,-2.558905204,-1.340784431,-1.823359132,-3.164143564
Anthony Davis,NOP,4.205512058,3.412802459,7.618314517,4.307410969,3.020674403,7.328085372
Deyonta Davis,ATL,-3.074097507,2.798761451,-0.275336055,-3.402058962,0.65824078,-2.743818182
Ed Davis,BRK,1.725484385,-3.950613645,-2.22512926,2.733136742,-6.914946777,-4.181810035
Ed Davis,BRK,-0.701855168,0.542986914,-0.158868254,-1.338457222,1.862464979,0.524007757
Tyler Davis,OKC,-32.9681128,56.79321834,23.82510554,-26.93530508,42.98906324,16.05375815
Dewayne Dedmon,ATL,-1.310900239,1.531958757,0.221058518,-0.431952084,1.191371267,0.759419183
Sam Dekker,WAS,-1.690936334,-1.641060333,-3.331996667,-1.205322367,-2.241361984,-3.446684351
Sam Dekker,CLE,-1.169222832,-3.356516563,-4.525739395,-0.763609779,-2.645183449,-3.408793228
Angel Delgado,LAC,-5.934942175,7.071052641,1.136110466,-4.828892919,7.911680878,3.082787958
Matthew Dellavedova,CLE,1.124805898,-2.597408179,-1.472602281,0.148976495,-2.472317335,-2.323340841
Matthew Dellavedova,MIL,-1.494958039,4.12433233,2.629374291,-2.865197333,2.547097041,-0.318100292
Luol Deng,MIN,1.56458307,-0.037783517,1.526799553,1.761771198,0.12987822,1.891649418
DeMar DeRozan,SAS,4.06634611,-0.385977475,3.680368635,1.830885123,-3.040694649,-1.209809527
DeMar DeRozan,SAS,1.661858926,-0.827624371,0.834234555,0.640264906,-0.916405041,-0.276140135
Marcus Derrickson,GSW,7.311700811,0.732942121,8.044642932,4.845190879,-0.388415513,4.456775366
Cheick Diallo,NOP,-1.838532448,-0.340103156,-2.178635605,-1.21891001,-0.75186892,-1.97077893
Hamidou Diallo,OKC,-1.778629962,-0.758736641,-2.537366603,-3.463480684,-0.84275342,-4.306234104
Gorgui Dieng,MIN,-1.045258047,0.859966055,-0.185291991,-0.787916924,1.104471403,0.316554479
Spencer Dinwiddie,BRK,0.070473589,-1.594132208,-1.523658619,-1.064276332,-4.480585273,-5.544861605
Spencer Dinwiddie,BRK,2.890621547,-0.68708337,2.203538177,1.480866393,-0.66145487,0.819411522
Donte DiVincenzo,MIL,-1.502539494,3.01566055,1.513121056,-0.925799623,2.074634512,1.148834889
Luka Doncic,DAL,3.610600708,-0.311389747,3.299210961,3.268718424,-0.529670094,2.73904833
Tyler Dorsey,MEM,1.017533272,-4.065987149,-3.048453877,-0.810846799,-2.997574422,-3.808421222
Tyler Dorsey,ATL,-3.439970586,-3.054967052,-6.494937638,-2.586208633,-3.009062165,-5.595270798
Damyean Dotson,NYK,-1.170193843,-1.74276765,-2.912961493,-1.294236784,-1.523746761,-2.817983545
PJ Dozier,BOS,2.209612267,-1.69414494,0.515467327,0.020552022,-0.830304638,-0.809752616
Goran Dragic,MIA,1.186595301,-1.265034966,-0.078439665,0.985140355,-0.871053663,0.114086693
Andre Drummond,DET,-4.696520713,3.204800884,-1.491719829,-0.003316633,-1.357349568,-1.360666201
Andre Drummond,DET,-0.720172529,3.323524946,2.603352418,1.33819045,3.528537132,4.866727582
Jared Dudley,BRK,-0.603421596,10.48417074,9.88074914,-1.272885896,8.98329136,7.710405465
Jared Dudley,BRK,-1.001061671,2.101590005,1.100528334,-0.715210465,1.416031702,0.700821236
Kris Dunn,CHI,-1.592915729,-0.219146607,-1.812062336,-1.954533821,0.345470701,-1.60906312
Kevin Durant,GSW,7.270023436,-0.523203527,6.74681991,4.990915873,-0.346569494,4.644346379
Kevin Durant,GSW,4.253847038,-0.425267718,3.828579319,5.719840074,-0.698417027,5.021423047
Trevon Duval,MIL,11.64857142,-5.850071763,5.798499656,11.0942602,-2.216328883,8.877931318
Vincent Edwards,HOU,-0.963533577,-1.657243584,-2.620777161,-3.466179857,-5.719376417,-9.185556274
Henry Ellenson,NYK,-1.144563083,-5.406607622,-6.551170705,-1.366140467,-3.117699692,-4.483840159
Henry Ellenson,DET,2.188890684,6.828083625,9.016974308,2.014204018,3.727034584,5.741238602
Wayne Ellington,DET,-0.849220189,-2.043676341,-2.89289653,1.233235157,-5.967188347,-4.733953189
Wayne Ellington,DET,0.375609398,1.15027053,1.525879929,0.917121117,0.579669004,1.496790121
Wayne Ellington,MIA,0.309763076,-1.207397683,-0.897634607,-0.265927368,-0.720222878,-0.986150245
Joel Embiid,PHI,1.290989784,11.6436811,12.93467088,3.88931484,10.77587947,14.66519431
Joel Embiid,PHI,2.476642778,3.502337814,5.978980593,3.272134093,2.773189841,6.045323934
James Ennis III,PHI,0.87216215,-2.897391785,-2.025229635,1.360975884,-4.189862426,-2.828886542
James Ennis III,HOU,-1.395244189,-1.056272435,-2.451516624,-0.990719121,-0.210418887,-1.201138008
James Ennis III,PHI,-2.796923816,-3.020437419,-5.817361235,-3.162046974,-1.897465093,-5.059512067
Drew Eubanks,SAS,-2.180085312,-1.039637438,-3.21972275,-4.210874417,-3.016260178,-7.227134595
Jawun Evans,PHO,-4.899932843,2.055526053,-2.844406791,-7.446145459,-0.99730621,-8.443451669
Jawun Evans,OKC,-38.81718553,4.313439457,-34.50374608,-24.21380776,7.130121492,-17.08368627
Jacob Evans,GSW,-5.144555988,0.982103408,-4.16245258,-5.032403003,-2.850331952,-7.882734956
Jacob Evans,GSW,-4.652442023,-3.507743836,-8.160185859,-4.206206684,-2.905901692,-7.112108376
Tyreke Evans,IND,2.16886825,-2.512042632,-0.343174382,1.32497833,-2.301381072,-0.976402742
Tyreke Evans,IND,-0.526476466,0.484554057,-0.041922409,-0.957791517,0.24914425,-0.708647266
Dante Exum,UTA,-0.213671447,-0.353082366,-0.566753813,-1.063445661,-0.008908832,-1.072354493
Kenneth Faried,HOU,2.928958124,0.586544896,3.51550302,2.585176039,1.076020787,3.661196826
Kenneth Faried,HOU,0.138710159,0.150007342,0.288717501,0.519037263,0.168016137,0.6870534
Kenneth Faried,BRK,0.453639549,0.848950215,1.302589764,-0.64289571,-0.980136826,-1.623032536
Derrick Favors,UTA,1.685218523,13.60954247,15.29476099,-0.818928716,13.46737382,12.6484451
Derrick Favors,UTA,0.236892082,3.494396945,3.731289027,0.123516512,3.512401792,3.635918304
Cristiano Felicio,CHI,-2.968830862,-3.916824125,-6.885654986,-3.583780949,-3.820271907,-7.404052856
Raymond Felton,OKC,-4.374784999,10.28996512,5.915180123,-7.98907712,11.21449427,3.225417146
Raymond Felton,OKC,-0.950797979,-0.101288275,-1.052086254,-2.665778938,0.094352669,-2.571426269
Terrance Ferguson,OKC,-2.975425978,-3.20780539,-6.183231367,-5.333158494,-3.225221582,-8.558380076
Terrance Ferguson,OKC,-2.111278361,-1.24062321,-3.351901571,-2.168224817,-0.072418208,-2.240643024
Yogi Ferrell,SAC,0.934486521,0.029420249,0.96390677,0.004709357,-0.691200258,-0.686490901
Dorian Finney-Smith,DAL,-2.126347719,1.765278225,-0.361069494,-2.216193706,1.638862442,-0.577331265
Bryn Forbes,SAS,0.520289542,-1.299281842,-0.778992301,-0.15389319,-0.45761944,-0.61151263
Bryn Forbes,SAS,0.277800897,-2.704427312,-2.426626416,0.079535623,-1.708316437,-1.628780815
Evan Fournier,ORL,-4.320146724,1.204573365,-3.115573358,-3.738167909,-0.191767915,-3.929935824
Evan Fournier,ORL,0.007607697,0.062459808,0.070067505,0.636954686,-0.066890632,0.570064054
De'Aaron Fox,SAC,2.271922831,-0.575866372,1.69605646,1.615251111,0.359167853,1.974418964
Melvin Frazier Jr.,ORL,-5.020808038,4.461209741,-0.559598297,-4.701119765,4.154498394,-0.54662137
Melvin Frazier Jr.,ORL,-7.844726312,-1.154575549,-8.999301861,-8.391440498,-0.802575265,-9.194015763
Tim Frazier,MIL,6.802963791,-2.656041531,4.14692226,3.862575759,-4.707766125,-0.845190366
Tim Frazier,NOP,0.41315269,-1.599059376,-1.185906686,-0.340481432,-1.588340583,-1.928822015
Tim Frazier,MIL,-1.712494909,-5.009896982,-6.722391891,-2.164504356,-4.771213903,-6.935718259
Jimmer Fredette,PHO,-10.08984735,-6.201917186,-16.29176453,-8.126087521,-5.862649502,-13.98873702
Channing Frye,CLE,-2.858176663,-7.499611033,-10.3577877,-2.669284515,-7.190238303,-9.859522818
Markelle Fultz,PHI,-2.422602728,-0.70167473,-3.124277459,-2.197696538,-0.205392438,-2.403088976
Danilo Gallinari,LAC,0.410966691,-2.111857135,-1.700890444,0.625286703,0.897321034,1.522607737
Danilo Gallinari,LAC,4.583700622,0.702600184,5.286300806,4.375342313,0.286088339,4.661430652
Langston Galloway,DET,-1.708903439,-1.600439444,-3.309342883,-0.499610034,0.470309852,-0.029300182
Langston Galloway,DET,0.149928203,-0.993717268,-0.843789065,-0.240688789,-0.982781615,-1.223470404
Billy Garrett,NYK,-5.942361267,-6.536359578,-12.47872084,-5.77547972,-7.200915124,-12.97639484
Marc Gasol,TOR,-0.066404761,3.522973924,3.456569162,0.174126574,3.800044019,3.974170592
Marc Gasol,TOR,-0.748400047,6.409114408,5.660714362,-0.176769381,4.870576925,4.693807543
Marc Gasol,MEM,-1.390416102,3.174227172,1.783811069,-1.196322806,3.208562606,2.0122398
Pau Gasol,SAS,-1.126754472,0.81885943,-0.307895043,-1.892965232,-0.439441001,-2.332406233
Pau Gasol,MIL,-9.519776406,-9.65165803,-19.17143444,-8.376224885,-7.76907453,-16.14529941
Rudy Gay,SAS,0.353207371,-0.628766355,-0.275558984,-0.926953966,-2.19643159,-3.123385556
Rudy Gay,SAS,1.249436397,1.058048879,2.307485276,0.857667162,0.810828231,1.668495393
Paul George,OKC,3.800619418,7.447409933,11.24802935,1.109721399,10.18313863,11.29286003
Paul George,OKC,5.184674118,3.054472314,8.239146432,5.347246901,4.519896578,9.867143479
Taj Gibson,MIN,0.307553801,-1.774671467,-1.467117666,0.091056546,-0.968001339,-0.876944793
Harry Giles III,SAC,-3.50658454,-0.759122985,-4.265707525,-2.962242092,-0.806108554,-3.768350646
Shai Gilgeous-Alexander,LAC,2.667058283,-3.648147392,-0.98108911,-0.253299979,-2.171303371,-2.424603351
Shai Gilgeous-Alexander,LAC,-0.895861617,0.996027962,0.100166346,-1.29460056,0.637642816,-0.656957744
Rudy Gobert,UTA,-0.791792664,1.116520363,0.324727699,-4.053416701,-0.122583526,-4.176000227
Rudy Gobert,UTA,0.732205521,5.546787161,6.278992682,1.100518448,5.645028062,6.745546511
Brandon Goodwin,DEN,-2.287285556,-5.273941882,-7.561227438,-1.888436581,-4.420324755,-6.308761336
Aaron Gordon,ORL,0.987520982,-4.490610503,-3.503089521,1.711893982,-4.683186681,-2.971292699
Aaron Gordon,ORL,0.297214696,0.648631988,0.945846683,-0.285438375,0.552131427,0.266693051
Eric Gordon,HOU,-0.098507335,-2.039184095,-2.13769143,2.3612361,-2.98540598,-0.624169879
Eric Gordon,HOU,0.0854324,-2.475274231,-2.389841832,1.484911248,-1.915440492,-0.430529244
Marcin Gortat,LAC,-3.727505854,1.61309066,-2.114415194,-3.469787795,0.147312106,-3.322475689
Devonte' Graham,CHA,-0.269743861,-0.899073573,-1.168817433,-0.450239823,-1.814794878,-2.265034701
Treveon Graham,BRK,-5.703173769,1.311724695,-4.391449074,-2.59872875,-1.204684967,-3.803413717
Treveon Graham,BRK,-2.442183772,1.936727228,-0.505456544,-1.237526398,1.351248187,0.113721788
Donte Grantham,OKC,-31.46727883,-9.948291573,-41.4155704,-16.02561999,-8.803380101,-24.8290001
Jerami Grant,OKC,0.204381978,5.57810065,5.782482628,-1.790010049,2.13065305,0.340643001
Jerami Grant,OKC,-0.422569907,1.127130347,0.70456044,-0.608131759,1.799795416,1.191663657
Jerian Grant,ORL,-8.205790805,11.41253247,3.20674167,-2.142152621,7.808524344,5.666371723
Jerian Grant,ORL,-2.682837769,-1.449991993,-4.132829762,-2.953851575,-0.949094075,-3.90294565
Danny Green,TOR,-0.521731834,0.938560261,0.416828427,1.005560988,2.174947053,3.180508041
Danny Green,TOR,1.824136151,1.347973686,3.172109837,2.986231536,2.438995611,5.425227147
Draymond Green,GSW,2.104882287,3.39441046,5.499292747,2.685775381,5.453564606,8.139339987
Draymond Green,GSW,-0.79598462,3.356904891,2.560920271,0.226622778,3.33793576,3.564558539
Gerald Green,HOU,-1.262261372,-0.742331673,-2.004593045,0.478812288,-1.246107122,-0.767294834
Gerald Green,HOU,-0.030028193,-2.333491109,-2.363519303,1.195903646,-2.1060311,-0.910127454
JaMychal Green,LAC,0.169048053,-8.336302031,-8.167253978,2.038104529,-6.632380925,-4.594276396
JaMychal Green,MEM,-1.514291305,-0.529505143,-2.043796448,-2.020235694,-0.409866014,-2.430101708
JaMychal Green,LAC,0.02306679,-1.244319244,-1.221252454,-0.59678915,-1.418037772,-2.014826923
Jeff Green,WAS,0.008639624,-0.629400266,-0.620760642,-0.222858528,-1.165613793,-1.388472321
Blake Griffin,DET,9.909855815,-0.271562905,9.63829291,12.5702009,-0.257084576,12.31311632
Blake Griffin,DET,4.292451315,0.623436821,4.915888136,3.694872962,-0.286132702,3.40874026
Daniel Hamilton,ATL,-1.56526457,-0.000217912,-1.565482482,-1.994759224,-1.230716879,-3.225476103
Dusty Hannahs,MEM,-10.55338853,-0.913639127,-11.46702766,-10.80890497,-2.501519507,-13.31042447
Tim Hardaway Jr.,NYK,1.696609585,-0.481017121,1.215592464,1.720735478,-0.892935471,0.827800007
Tim Hardaway Jr.,DAL,-0.206341497,0.279768605,0.073427108,0.383286397,-0.246337451,0.136948946
James Harden,HOU,6.903464255,2.325552429,9.229016684,11.08266513,3.011379871,14.094045
James Harden,HOU,10.41368889,1.713256399,12.12694529,10.86494476,1.477619863,12.34256462
Maurice Harkless,POR,1.012249406,0.770045972,1.782295378,-0.067876812,1.280997627,1.213120815
Maurice Harkless,POR,-0.541234547,1.217533256,0.676298709,-0.439156197,1.925732412,1.486576215
Montrezl Harrell,LAC,3.262068641,-1.633548292,1.628520349,-0.35453984,-4.053018427,-4.407558267
Montrezl Harrell,LAC,0.711216225,1.411682142,2.122898367,0.327174854,1.112917424,1.440092278
Andrew Harrison,NOP,3.061645995,-6.415265617,-3.353619622,4.906817595,-6.822702527,-1.915884932
Andrew Harrison,MEM,-6.343228155,-12.66577247,-19.00900063,-9.850644197,-11.95625288,-21.80689707
Andrew Harrison,CLE,-4.184897013,-2.081307599,-6.266204613,-3.895470381,-0.027007217,-3.922477597
Devin Harris,DAL,0.259261074,-1.160788029,-0.901526955,-0.520565982,-1.21056558,-1.731131562
Gary Harris,DEN,0.583571661,-0.153262604,0.430309057,-1.764217013,1.251126173,-0.51309084
Gary Harris,DEN,-0.434155381,-0.284381797,-0.718537178,-0.558058316,0.237019726,-0.32103859
Joe Harris,BRK,-3.94176557,-2.272606442,-6.214372011,-5.83206239,-5.278321225,-11.11038361
Joe Harris,BRK,0.579998746,0.217934583,0.797933329,0.831153228,-0.568725507,0.26242772
Shaquille Harrison,CHI,-0.685269516,2.248228243,1.562958727,-2.398087113,1.548235184,-0.849851929
Tobias Harris,PHI,1.624973783,-0.57736365,1.047610134,1.874676264,-1.194924883,0.679751381
Tobias Harris,LAC,1.660105067,-0.989392531,0.670712536,0.828984307,-0.614263003,0.214721304
Tobias Harris,PHI,-0.182252495,0.296154169,0.113901674,0.079085569,-0.084673491,-0.005587922
Isaiah Hartenstein,HOU,19.02696224,-6.498582303,12.52837994,10.13548652,-9.169197783,0.966288732
Isaiah Hartenstein,HOU,-3.247881741,0.364035736,-2.883846004,-2.885081925,1.150015611,-1.735066314
Josh Hart,LAL,-2.008180027,2.514749666,0.506569639,-2.5024849,3.053707971,0.551223072
Udonis Haslem,MIA,-9.417467851,5.83799005,-3.5794778,-8.548531907,2.559338275,-5.989193632
Gordon Hayward,BOS,-1.246559665,-0.061172103,-1.307731768,-0.580672149,-1.923902514,-2.504574664
Gordon Hayward,BOS,0.972467238,0.046229385,1.018696623,0.884848671,-0.164003059,0.720845612
John Henson,MIL,-1.952741806,4.056312809,2.103571003,-0.986282853,1.984760036,0.998477183
Juancho Hernangomez,DEN,-10.20629507,-6.384021099,-16.59031617,-8.358880227,-5.894064903,-14.25294513
Juancho Hernangomez,DEN,-1.283915829,0.85460541,-0.42931042,-1.335119783,0.244055446,-1.091064337
Willy Hernangomez,CHA,-0.006438951,-3.576471333,-3.582910284,-0.027415743,-3.803305811,-3.830721554
Mario Hezonja,NYK,-2.281994864,0.179145932,-2.102848933,-1.934299983,-0.444108105,-2.378408088
Isaiah Hicks,NYK,-1.573509975,1.050368759,-0.523141216,-1.876528324,1.604594593,-0.271933731
Buddy Hield,SAC,2.471423969,-0.687846033,1.783577936,2.321566396,-0.540974892,1.780591504
Haywood Highsmith,PHI,-5.059265807,-6.128811168,-11.18807697,-4.673500886,-7.510477634,-12.18397852
Nene,HOU,6.710275133,4.137862671,10.8481378,6.535056037,2.751377092,9.286433129
Nene,HOU,-2.377755636,2.729301261,0.351545625,-1.37635694,2.400255621,1.023898681
George Hill,MIL,4.650614577,0.331499943,4.982114521,5.624005905,0.861104389,6.485110294
George Hill,CLE,-0.074231551,-3.115541392,-3.189772942,0.189951129,-1.701643352,-1.511692223
George Hill,MIL,-0.306016355,1.978125811,1.672109456,-0.580198965,2.040907305,1.46070834
Solomon Hill,NOP,-3.000915304,0.221932477,-2.778982827,-2.575503146,-0.980491141,-3.555994287
Aaron Holiday,IND,-8.435165795,-7.556292203,-15.991458,-6.913032328,-1.95440484,-8.867437168
Aaron Holiday,IND,-0.629418322,2.032320507,1.402902185,-0.71786584,1.357450594,0.639584754
Jrue Holiday,NOP,3.530818091,0.699909246,4.230727337,4.078266456,1.376999379,5.455265835
Justin Holiday,MEM,-2.840247463,0.822542567,-2.017704896,-2.840521362,0.481452491,-2.359068871
Justin Holiday,CHI,-0.618789691,2.351694479,1.732904788,-1.63213434,2.311270895,0.679136555
John Holland,CLE,-3.14793377,2.582398147,-0.565535623,-10.63450998,5.053319052,-5.581190927
Rondae Hollis-Jefferson,BRK,1.983631068,6.215146994,8.198778062,0.128479988,2.185116507,2.313596495
Rondae Hollis-Jefferson,BRK,-2.688724803,2.670576811,-0.018147992,-2.619069198,2.013040087,-0.606029111
Richaun Holmes,PHO,-1.420745207,-0.041592332,-1.462337539,-1.611254749,0.079515997,-1.531738752
Rodney Hood,POR,2.686135952,-0.124655033,2.56148092,0.529706498,-1.193848348,-0.66414185
Rodney Hood,POR,-0.025869652,0.429278539,0.403408888,-0.357074263,-0.344056981,-0.701131244
Rodney Hood,CLE,0.899353886,-1.525867818,-0.626513932,-0.199174719,-1.243666814,-1.442841533
Al Horford,BOS,1.314856987,7.076604757,8.391461744,3.285034191,5.691813316,8.976847507
Al Horford,BOS,0.799330515,1.767326237,2.566656752,1.725227606,1.685759245,3.410986851
Danuel House Jr.,HOU,-1.868367646,-3.103345347,-4.971712993,-0.040764593,-2.306828123,-2.347592717
Danuel House Jr.,HOU,0.17304384,-0.593768329,-0.420724489,0.87931376,-0.413660788,0.465652972
Dwight Howard,WAS,-1.630512065,-4.215879872,-5.846391937,-1.384301097,-3.703129657,-5.087430754
Kevin Huerter,ATL,-0.473850013,-2.699389927,-3.17323994,0.250710732,-1.918033159,-1.667322427
Isaac Humphries,ATL,-4.39048602,-4.710909598,-9.101395618,-2.531161581,-5.462700931,-7.993862512
RJ Hunter,BOS,4.483176137,2.403141516,6.886317652,6.873883461,4.218799188,11.09268265
Chandler Hutchison,CHI,-3.130302877,0.821905102,-2.308397776,-3.687142433,-0.315606758,-4.002749192
Serge Ibaka,TOR,-1.932740959,2.959215889,1.026474931,-0.332276559,3.762145187,3.429868628
Serge Ibaka,TOR,-1.518161632,1.63068953,0.112527898,-0.739929836,1.032628608,0.292698772
Andre Iguodala,GSW,0.379921708,0.827195667,1.207117374,1.855467781,0.770753864,2.626221645
Andre Iguodala,GSW,-0.036681707,1.206240107,1.1695584,-0.157834575,1.221957966,1.064123391
Ersan Ilyasova,MIL,1.365834729,5.662860169,7.028694898,3.925157641,4.835554547,8.760712188
Ersan Ilyasova,MIL,-0.891583014,2.751683179,1.860100165,-0.85124495,3.072638481,2.221393531
Joe Ingles,UTA,-1.177388447,1.474084187,0.29669574,-2.604138828,3.334381525,0.730242698
Joe Ingles,UTA,1.442704996,0.642210066,2.084915063,0.961063462,1.260570495,2.221633957
Andre Ingram,LAL,-10.88604375,-0.709672959,-11.59571671,-10.15511966,-0.883285248,-11.03840491
Brandon Ingram,LAL,-1.216508254,-0.702486121,-1.918994375,-1.905365835,-0.67189395,-2.577259785
Kyrie Irving,BOS,1.257947677,-1.5806994,-0.322751723,4.817593712,-2.856516913,1.961076799
Kyrie Irving,BOS,5.601825555,1.130465402,6.732290957,6.118081399,1.58623827,7.704319669
Jonathan Isaac,ORL,-1.673055999,-4.641395925,-6.314451924,-1.587150501,-2.984415351,-4.571565852
Jonathan Isaac,ORL,-1.302072203,2.217064963,0.914992759,-0.506879806,1.244945885,0.738066079
Wes Iwundu,ORL,0.65854531,-3.018484856,-2.359939546,0.398715945,-1.278660363,-0.879944418
Wes Iwundu,ORL,-2.775367569,0.152993747,-2.622373822,-3.617830546,-0.206022834,-3.82385338
Demetrius Jackson,PHI,2.016593436,-0.809502046,1.20709139,-0.835330534,-1.949267793,-2.784598327
Frank Jackson,NOP,-1.520112266,-2.852010997,-4.372123263,-1.852390267,-3.027728021,-4.880118288
Jaren Jackson Jr.,MEM,-1.51116573,1.239671122,-0.271494607,-2.253012496,2.027877816,-0.22513468
Josh Jackson,PHO,-3.191611243,0.679542015,-2.512069228,-3.497783814,-0.094366531,-3.592150345
Justin Jackson,SAC,-1.25218307,-1.320547857,-2.572730927,-1.299617542,-1.305154742,-2.604772284
Justin Jackson,DAL,0.304375611,-1.25652044,-0.952144829,-0.037785598,-1.490106313,-1.527891911
Reggie Jackson,DET,7.827273121,-5.301818413,2.525454709,11.43741574,-6.712014439,4.725401301
Reggie Jackson,DET,1.278474696,-2.573562344,-1.295087649,0.914129746,-1.705113677,-0.790983932
LeBron James,LAL,5.542003854,-0.181201825,5.360802029,4.408912545,-0.104033404,4.304879141
Amile Jefferson,ORL,0.512750375,-1.899863034,-1.38711266,0.658869605,-1.727683623,-1.068814017
John Jenkins,NYK,-2.2801191,-3.326019275,-5.606138376,-3.547208957,-5.076594778,-8.623803735
John Jenkins,WAS,6.434872488,-9.334292058,-2.89941957,2.03520145,-5.911261033,-3.876059583
Jonas Jerebko,GSW,0.530505349,-4.725793049,-4.1952877,-0.542594804,-6.567398121,-7.109992925
Jonas Jerebko,GSW,0.05176801,-1.166562676,-1.114794666,-0.303036166,-1.142742396,-1.445778562
Alize Johnson,IND,-2.813602123,-1.883383406,-4.696985529,-3.481699392,-3.080127102,-6.561826494
Amir Johnson,PHI,6.429456693,-3.997939308,2.431517385,2.082104005,-8.219843511,-6.137739506
Amir Johnson,PHI,-1.533314474,0.132545232,-1.400769241,-1.760716748,-0.07663455,-1.837351298
BJ Johnson,SAC,-10.83616966,1.691981195,-9.144188461,-11.19681508,-0.229133759,-11.42594883
BJ Johnson,ATL,-0.988791623,-5.483377732,-6.472169355,-1.608075457,-4.886873636,-6.494949093
James Johnson,MIA,-2.479965853,-0.679225849,-3.159191702,-2.541775553,-0.763554066,-3.305329619
Stanley Johnson,DET,-3.178012552,2.624862284,-0.553150268,-3.547206978,2.029275531,-1.517931447
Stanley Johnson,NOP,-4.457798049,-1.20527852,-5.663076569,-4.286911517,-1.866245398,-6.153156915
Tyler Johnson,PHO,-1.221453738,1.175045639,-0.046408099,-2.314009681,0.379575169,-1.934434512
Tyler Johnson,MIA,-0.898801081,-0.114323746,-1.013124827,-0.798813808,-0.343874595,-1.142688403
Wesley Johnson,NOP,-3.122005254,-1.182036872,-4.304042126,-3.836053161,-1.91945946,-5.75551262
Wesley Johnson,WAS,-5.167051416,0.375413524,-4.791637892,-4.689065202,-0.359138548,-5.048203751
Nikola Jokic,DEN,8.772971399,5.440109428,14.21308083,4.970388184,6.595480232,11.56586842
Nikola Jokic,DEN,5.792122151,2.256108151,8.048230301,6.056080407,2.421618257,8.477698664
Damian Jones,GSW,-10.66170309,-3.490063511,-14.15176661,-12.89488334,-5.148577212,-18.04346055
Damian Jones,GSW,-2.219642112,1.298067314,-0.921574798,-1.761368715,1.046461459,-0.714907257
Derrick Jones Jr.,MIA,-0.034216054,2.411700061,2.377484007,-0.995315432,1.986210576,0.990895144
Jalen Jones,CLE,-1.407355653,-3.698003284,-5.105358938,-1.316203678,-2.811724353,-4.127928031
Jemerrio Jones,LAL,-1.221218953,4.151778718,2.930559765,-0.96197437,4.845186386,3.883212016
Terrence Jones,HOU,-20.01590941,3.70595711,-16.30995231,-19.63456499,1.042664053,-18.59190093
Tyus Jones,MIN,0.474281707,-0.250300557,0.22398115,-0.084165955,0.156917978,0.072752023
DeAndre Jordan,DAL,-2.476487926,1.191608558,-1.284879368,-2.359254679,0.766807622,-1.592447058
DeAndre Jordan,NYK,-0.51585745,-1.258623551,-1.774481001,-1.87653097,-2.087659423,-3.964190393
Cory Joseph,IND,-0.608643743,-4.613106512,-5.221750255,-2.549743491,-1.179187652,-3.728931144
Cory Joseph,IND,-0.919174613,2.383445769,1.464271155,-1.290539294,2.741338154,1.450798861
Frank Kaminsky,CHA,-0.242405791,0.386934373,0.144528582,0.050035746,-1.042284457,-0.992248712
Enes Kanter,POR,-0.449600852,3.033273583,2.583672732,-0.716333043,3.124207447,2.407874404
Enes Kanter,NYK,0.550208225,-2.068384363,-1.518176138,-0.045359698,-2.082223947,-2.127583646
Enes Kanter,POR,2.525083636,-0.294309347,2.230774289,1.42599175,0.257649736,1.683641486
Luke Kennard,DET,-0.578382125,-5.350630296,-5.929012421,3.083852827,-5.64655009,-2.562697263
Luke Kennard,DET,0.156054421,-1.934743957,-1.778689537,-0.071727071,-2.346486498,-2.418213569
Michael Kidd-Gilchrist,CHA,-0.899672442,1.778478662,0.878806221,-1.453060689,1.167486475,-0.285574214
George King,PHO,-4.974701613,-14.40396078,-19.37866239,-6.848305911,-11.88471055,-18.73301646
Maxi Kleber,DAL,-1.355660246,2.379221576,1.02356133,-1.115890922,2.314933015,1.199042094
Brandon Knight,HOU,-7.051663365,-2.314163021,-9.365826386,-4.828918358,-2.069804231,-6.898722589
Brandon Knight,CLE,-1.641332907,-0.626609312,-2.267942219,-1.326235726,-1.093603383,-2.419839109
Kevin Knox,NYK,-3.717047337,-3.817923739,-7.534971077,-3.706787911,-4.100554661,-7.807342573
Furkan Korkmaz,PHI,0.710063987,-2.957634877,-2.24757089,2.806782114,-4.552504104,-1.74572199
Furkan Korkmaz,PHI,-0.276838324,1.536599825,1.259761501,-0.420290586,0.400462327,-0.019828258
Luke Kornet,NYK,-1.689296617,3.499728627,1.810432009,-1.240184155,2.244070844,1.003886689
Kyle Korver,UTA,-4.684937911,-0.99789016,-5.682828071,-7.252550454,-2.280289803,-9.532840258
Kyle Korver,UTA,-0.458596204,-0.61773183,-1.076328034,0.045690596,-0.597741383,-0.552050787
Kyle Korver,CLE,-0.038264721,-3.014879091,-3.053143812,-0.47474284,-3.572523281,-4.04726612
Kosta Koufos,SAC,-4.590548153,0.042503025,-4.548045129,-3.970365849,-0.771276741,-4.741642591
Rodions Kurucs,BRK,2.614341469,-0.311934004,2.302407466,0.743911705,-4.807436597,-4.063524892
Rodions Kurucs,BRK,-3.253466667,-0.638158686,-3.891625353,-2.775250882,-0.327843973,-3.103094854
Kyle Kuzma,LAL,-1.167372851,-0.783998163,-1.951371014,-0.847055808,-0.564818671,-1.411874479
Skal Labissiere,POR,-12.75071172,0.550907029,-12.19980469,-13.71008584,-2.753423867,-16.4635097
Skal Labissiere,POR,0.788582688,-5.017797798,-4.229215111,0.172182387,-5.873906025,-5.701723638
Skal Labissiere,SAC,-6.06342746,-2.550575769,-8.614003228,-4.531060394,-2.420577892,-6.951638286
Jeremy Lamb,CHA,1.789191341,0.956123879,2.74531522,1.333315396,1.103883684,2.437199079
Zach LaVine,CHI,1.346343184,-2.629796918,-1.283453733,0.486096867,-2.582025321,-2.095928454
Jake Layman,POR,-4.792559254,-6.201994199,-10.99455345,-7.713780378,-4.135036343,-11.84881672
Jake Layman,POR,-1.03041683,-0.065371344,-1.095788174,-1.148443614,-0.894380206,-2.042823821
TJ Leaf,IND,-0.072559754,23.17462384,23.10206408,-2.451995179,19.17420103,16.72220585
TJ Leaf,IND,-0.078902779,2.162981199,2.08407842,-1.183509146,-0.055222689,-1.238731835
Courtney Lee,DAL,-3.404628901,1.111573784,-2.293055117,-3.237910449,0.2096973,-3.028213149
Courtney Lee,NYK,-0.281233944,2.812580311,2.531346367,-0.855455399,1.178691285,0.323235886
Damion Lee,GSW,0.400873083,-0.705259426,-0.304386343,0.071087706,-1.091591478,-1.020503772
Walter Lemon Jr.,CHI,-1.213532214,-0.816259997,-2.029792212,-1.972628331,-0.194632791,-2.167261122
Alex Len,ATL,-1.753125793,0.555066373,-1.19805942,-1.451597037,-0.304091837,-1.755688873
Kawhi Leonard,TOR,7.117326025,1.470817505,8.58814353,8.518515427,2.269252196,10.78776762
Kawhi Leonard,TOR,5.068376311,1.303347486,6.371723797,5.078364501,1.254328428,6.332692929
Meyers Leonard,POR,2.053114057,-3.663731158,-1.610617101,1.333757459,-2.676424225,-1.342666766
Meyers Leonard,POR,-0.170337673,-4.175972974,-4.346310647,-0.401506172,-3.779239747,-4.180745919
Jon Leuer,DET,-1.997133979,-13.38121362,-15.3783476,0.934500291,-12.45387871,-11.51937842
Jon Leuer,DET,-3.679570499,-1.569048704,-5.248619202,-3.702812535,-0.715018043,-4.417830578
Caris LeVert,BRK,5.829179646,-0.661437179,5.167742467,3.188612952,-1.713664007,1.474948944
Caris LeVert,BRK,0.335252931,1.719309407,2.054562338,0.075562366,1.178926542,1.254488907
Damian Lillard,POR,4.284400936,-1.833316513,2.451084423,4.975563917,-1.823961893,3.151602025
Damian Lillard,POR,6.956588225,-1.135127348,5.821460877,6.937645583,-0.156818392,6.780827191
Jeremy Lin,TOR,-10.18182915,-4.029578188,-14.21140733,-9.548970333,-7.81811372,-17.36708405
Jeremy Lin,TOR,-4.014537584,0.019931044,-3.99460654,-4.600701562,0.339777364,-4.260924198
Jeremy Lin,ATL,0.915743662,1.120766258,2.03650992,0.243088566,0.157691687,0.400780253
Shaun Livingston,GSW,-0.990015943,-2.641364011,-3.631379954,-2.482311086,-2.412259862,-4.894570948
Shaun Livingston,GSW,-0.822273716,-0.623523133,-1.445796849,-0.803919199,-0.803758539,-1.607677738
Zach Lofton,DET,-20.66040603,14.19936102,-6.461045013,-8.381958217,8.192370057,-0.18958816
Kevon Looney,GSW,0.445365302,2.621765742,3.067131044,-0.037316392,2.564527428,2.527211036
Kevon Looney,GSW,-0.052276222,2.549978869,2.497702647,0.008721011,2.732276358,2.740997368
Brook Lopez,MIL,0.104888992,6.056051011,6.160940003,1.936523259,5.037570993,6.974094253
Brook Lopez,MIL,-1.374588952,1.139977427,-0.234611525,-0.376542849,1.561481038,1.184938188
Robin Lopez,CHI,-2.587289907,-0.161280353,-2.748570261,-2.83561069,-1.29825173,-4.13386242
Kevin Love,CLE,1.585362059,1.355374652,2.940736711,2.121478634,0.181299418,2.302778052
Kyle Lowry,TOR,3.499279735,2.259505812,5.758785547,5.400362305,4.161573971,9.561936276
Kyle Lowry,TOR,2.919912847,1.864095673,4.78400852,3.626170506,2.321196517,5.947367023
Jordan Loyd,TOR,5.751692276,-5.79960965,-0.047917374,-0.232077363,-6.426698086,-6.65877545
Kalin Lucas,DET,-2.713627341,2.112140168,-0.601487174,-8.652689055,2.685310945,-5.96737811
Timothe Luwawu-Cabarrot,CHI,-2.393010403,-2.172418444,-4.565428847,-3.224464619,-2.930245627,-6.154710246
Timothe Luwawu-Cabarrot,OKC,-7.38191201,-3.743436514,-11.12534852,-9.276184001,-3.346995995,-12.62318
Tyler Lydon,DEN,-1.394504712,-5.317578351,-6.712083063,-3.117073684,-5.380781911,-8.497855596
Trey Lyles,DEN,-5.80085531,-15.27993584,-21.08079115,-4.022193826,-16.55317233,-20.57536616
Trey Lyles,DEN,-3.294075874,-0.844474684,-4.138550558,-1.995499509,-1.319323714,-3.314823223
Scott Machado,LAL,15.33513875,6.905391479,22.24053023,11.22650799,3.283330663,14.50983866
Shelvin Mack,MEM,-1.675697036,-1.728109765,-3.403806801,-2.765924099,-1.078867842,-3.844791942
Shelvin Mack,CHA,-16.48793507,-0.194500898,-16.68243596,-12.53629294,-3.74212008,-16.27841302
Daryl Macon,DAL,-3.614062881,-5.179007576,-8.793070457,-4.228749392,-5.129121075,-9.357870467
J.P. Macura,CHA,-13.31683778,8.539960827,-4.776876952,-10.83594525,4.366235932,-6.469709316
Ian Mahinmi,WAS,-2.434340788,2.890595482,0.456254694,-2.642545068,2.996973018,0.35442795
Thon Maker,DET,-5.773254735,-2.830199527,-8.603454262,-1.149946472,-2.950314196,-4.100260669
Thon Maker,MIL,-0.942837632,-0.321484149,-1.264321781,-0.567556688,0.413898962,-0.153657726
Thon Maker,DET,-3.585845279,0.796701254,-2.789144025,-3.303882903,-0.143873745,-3.447756648
Boban Marjanovic,PHI,0.446128014,1.803051721,2.249179734,-0.083825948,-2.438242624,-2.522068572
Boban Marjanovic,LAC,1.221202395,3.588153968,4.809356363,-0.191482357,2.319575582,2.128093225
Boban Marjanovic,PHI,2.010520975,0.893255733,2.903776707,1.062652189,0.093237909,1.155890098
Lauri Markkanen,CHI,0.611445813,-0.78103161,-0.169585797,0.767807949,-0.901768066,-0.133960117
Jarell Martin,ORL,-0.45553003,-5.729048301,-6.184578331,1.459454407,-2.991865041,-1.532410634
Jarell Martin,ORL,-3.134732448,-2.387223132,-5.52195558,-2.99036502,-2.849031025,-5.839396045
Frank Mason,SAC,-1.163483376,-3.27531169,-4.438795066,-1.778299231,-3.955159747,-5.733458979
Yante Maten,MIA,1.663708982,15.51495684,17.17866582,2.426512684,11.71168685,14.13819953
Wesley Matthews,IND,-3.087891819,-0.580294401,-3.66818622,-2.390700565,0.702685411,-1.688015154
Wesley Matthews,IND,-0.909614781,1.232951266,0.323336485,-0.686657124,0.797274667,0.110617543
Wesley Matthews,NYK,-6.959761207,3.507041591,-3.452719616,-4.731981981,1.290341928,-3.441640054
Wesley Matthews,DAL,-0.032890079,-0.980321638,-1.013211716,-0.005912789,-0.540760251,-0.54667304
Luc Mbah a Moute,LAC,-1.746849088,1.173957653,-0.572891434,-2.190478021,-0.179828746,-2.370306768
Tahjere McCall,BRK,-7.310721148,24.48573152,17.17501037,-5.400625794,20.12253971,14.72191392
Patrick McCaw,TOR,-1.605803055,-6.436529146,-8.042332202,-3.721627972,-5.02301175,-8.744639723
Patrick McCaw,TOR,-1.472074368,-0.997282965,-2.469357334,-2.158806327,-0.379288788,-2.538095115
Patrick McCaw,CLE,-7.783132031,-4.490718701,-12.27385073,-4.937101053,-5.159877701,-10.09697875
CJ McCollum,POR,4.077124748,0.122403117,4.199527865,3.602692831,-0.181885559,3.420807272
CJ McCollum,POR,2.880784729,0.111691814,2.992476542,2.968282884,0.202580451,3.170863335
T.J. McConnell,PHI,-2.930275346,-6.693929485,-9.62420483,-2.114580282,-8.642234972,-10.75681525
T.J. McConnell,PHI,-0.944978782,0.123467378,-0.821511404,-1.25715937,-0.096051666,-1.353211036
Doug McDermott,IND,-0.162909445,-0.175696608,-0.338606053,0.038901663,-1.391780591,-1.352878928
Doug McDermott,IND,0.202674833,-2.898741163,-2.69606633,-0.512570208,-2.461877286,-2.974447494
JaVale McGee,LAL,-1.83362794,1.63283007,-0.20079787,-1.450795659,0.723866224,-0.726929434
Rodney McGruder,MIA,-1.217337337,0.391005456,-0.826331881,-1.967279926,0.062227378,-1.905052549
Alfonzo McKinnie,GSW,-1.704262337,-1.454873144,-3.159135481,-1.89309189,-2.486918288,-4.380010178
Alfonzo McKinnie,GSW,-0.772474097,-2.678990103,-3.4514642,-0.918194073,-1.957748527,-2.875942601
Ben McLemore,SAC,-1.56613181,-2.7620816,-4.328213409,-0.989321606,-1.953416722,-2.942738329
Jordan McRae,WAS,1.333430638,-0.691581041,0.641849597,0.112967651,-1.390026197,-1.277058546
Jodie Meeks,TOR,-9.022548756,1.401710705,-7.620838051,-5.610068829,0.714194042,-4.895874786
Jodie Meeks,TOR,1.855623794,-6.570561016,-4.714937222,2.219922594,-6.6430035,-4.423080906
Salah Mejri,DAL,-1.455006587,-0.443653337,-1.898659923,-1.937909803,-0.585715817,-2.52362562
De'Anthony Melton,PHO,-3.018693973,0.838271096,-2.180422877,-2.73878024,1.104565057,-1.634215183
Chimezie Metu,SAS,-8.255160692,-0.128698052,-8.383858744,-8.057246187,-1.606926835,-9.664173022
Khris Middleton,MIL,2.313558891,-1.192957734,1.120601157,4.459886752,-1.854368888,2.605517864
Khris Middleton,MIL,1.939774752,0.845041844,2.784816596,2.25150697,0.725878277,2.977385247
CJ Miles,TOR,-2.246121211,-1.206786553,-3.452907764,-1.896809547,-1.783155426,-3.679964973
CJ Miles,MEM,-0.87265894,0.42845638,-0.44420256,-1.536923032,0.287590141,-1.249332891
Darius Miller,NOP,-0.968232881,-0.846326294,-1.814559175,-0.723723943,-0.924152954,-1.647876898
Malcolm Miller,TOR,-6.860672552,-5.29250485,-12.1531774,-7.883686265,-7.109226183,-14.99291245
Malcolm Miller,TOR,0.869180465,-4.013614112,-3.144433647,0.292574413,-3.593637986,-3.301063574
Paul Millsap,DEN,-0.344236217,2.443260919,2.099024702,-0.345913789,1.822571131,1.476657342
Paul Millsap,DEN,0.606138526,2.770272442,3.376410968,1.38744241,3.111877406,4.499319816
Patty Mills,SAS,-1.358949138,-1.178084868,-2.537034006,-1.483107207,-0.621898169,-2.105005376
Patty Mills,SAS,0.778994359,-1.017475387,-0.238481027,1.299711314,-1.008519207,0.291192107
Shake Milton,PHI,-0.765641545,-0.642026035,-1.40766758,-1.365114262,-1.876256941,-3.241371203
Nikola Mirotic,MIL,0.237499303,-1.767356766,-1.529857462,2.814376435,-2.845510157,-0.031133722
Nikola Mirotic,MIL,1.32569944,1.868899178,3.194598618,2.645808471,1.351509824,3.997318295
Nikola Mirotic,NOP,1.713371906,1.59131439,3.304686296,1.851274681,1.084893747,2.936168428
Donovan Mitchell,UTA,-3.847194177,-3.84537055,-7.692564727,-3.554965156,-5.369305336,-8.924270491
Donovan Mitchell,UTA,2.007057012,-1.289986295,0.717070717,2.000686102,0.057321549,2.05800765
Naz Mitrou-Long,UTA,-5.042982203,-3.889827685,-8.932809888,-5.481374231,-5.363993028,-10.84536726
Malik Monk,CHA,-0.451650724,-4.153416029,-4.605066753,0.347119593,-4.189183827,-3.842064234
Greg Monroe,PHI,-2.281004476,10.64454226,8.363537785,-1.265561294,4.09810097,2.832539676
Greg Monroe,PHI,9.014450702,-4.780942426,4.233508277,7.345889844,-1.970343965,5.375545879
Greg Monroe,BOS,50.56152202,-0.898350226,49.6631718,33.87308748,-2.735141315,31.13794617
Greg Monroe,TOR,-3.804418578,-1.075100254,-4.879518833,-3.956551172,0.087100577,-3.869450595
E'Twaun Moore,NOP,-0.160712838,-2.272008153,-2.432720991,-0.371033656,-1.965848225,-2.336881882
Eric Moreland,TOR,-1.709711667,-14.49077134,-16.20048301,-5.796892453,-10.15895923,-15.95585169
Eric Moreland,TOR,-3.438044648,-7.608218477,-11.04626313,-4.152851413,-4.778530104,-8.931381516
Eric Moreland,PHO,-11.2203337,-1.012461187,-12.23279489,-15.67778928,2.502673406,-13.17511587
Jaylen Morris,MIL,-2.431664984,4.98726158,2.555596597,-2.35048662,3.41464126,1.06415464
Markieff Morris,OKC,1.677637693,-1.104010422,0.573627271,-5.064907707,0.88981507,-4.175092637
Markieff Morris,WAS,-2.534813283,-0.265274975,-2.800088258,-2.171362717,-0.800094952,-2.971457669
Markieff Morris,OKC,-0.90272381,-1.881431572,-2.784155383,-0.782132973,-1.053139157,-1.83527213
Marcus Morris,BOS,4.21797721,0.182363403,4.400340613,6.849333719,0.065703169,6.915036888
Marcus Morris,BOS,0.163012029,-1.83485918,-1.671847151,0.560033669,-1.592091069,-1.0320574
Monte Morris,DEN,-3.401513201,-1.649420204,-5.050933404,-5.683325679,-3.666954366,-9.350280045
Monte Morris,DEN,2.172308223,0.848949451,3.021257674,1.257394164,0.802886824,2.060280988
Donatas Motiejunas,SAS,6.924146048,8.606299168,15.53044522,3.770023969,5.090145587,8.860169556
Donatas Motiejunas,SAS,-19.57934937,-19.60490316,-39.18425253,-23.042583,-16.65345378,-39.69603677
Johnathan Motley,LAC,-3.792840077,-2.277821051,-6.070661128,-3.489348072,-1.670620127,-5.159968199
Emmanuel Mudiay,NYK,-1.05688692,-1.662207654,-2.719094574,-1.121191994,-2.587147214,-3.708339207
Jamal Murray,DEN,3.163704545,-2.534209852,0.629494694,2.169829986,-2.353767578,-0.183937592
Jamal Murray,DEN,1.096850843,0.59438389,1.691234733,2.092023025,-0.126348043,1.965674981
Dzanan Musa,BRK,-9.547776288,-0.518805191,-10.06658148,-5.136236095,0.731860783,-4.404375312
Dzanan Musa,BRK,-1.658014404,0.840485887,-0.817528518,-3.173943048,-0.915871016,-4.089814063
Mike Muscala,PHI,-1.534265513,0.07528067,-1.458984844,-1.48822039,-0.129415532,-1.617635922
Mike Muscala,LAL,0.650598612,-1.149469858,-0.498871247,0.718787888,-1.312362792,-0.593574904
Svi Mykhailiuk,DET,-5.914309751,0.604737228,-5.309572523,-7.792714688,-1.944345294,-9.737059982
Svi Mykhailiuk,LAL,-3.842990618,-1.222246707,-5.065237325,-3.418228053,-2.105410578,-5.523638631
Abdel Nader,OKC,-7.850246749,-12.75793231,-20.60817906,-15.99476852,-9.085559363,-25.08032788
Abdel Nader,OKC,-2.892244714,-2.224909832,-5.117154546,-4.224167736,-1.625316395,-5.849484132
Larry Nance Jr.,CLE,-0.145033696,2.345958235,2.200924539,0.317497156,2.340936002,2.658433157
Shabazz Napier,BRK,23.75887032,-0.24105976,23.51781056,15.20138789,-1.030496126,14.17089176
Shabazz Napier,BRK,1.753119489,0.336380867,2.089500356,1.144638714,0.112212101,1.256850814
Raul Neto,UTA,-10.62941235,-6.466999852,-17.0964122,-12.94864356,-8.012790291,-20.96143385
Raul Neto,UTA,1.712975618,-0.411681772,1.301293846,1.828302572,0.274120483,2.102423054
Georges Niang,UTA,-0.985098954,3.854088767,2.868989813,-3.046649684,3.131209493,0.084559809
Georges Niang,UTA,-0.382270177,-2.567365437,-2.949635615,-0.794160843,-3.218828644,-4.012989487
Joakim Noah,MEM,-1.715992538,1.082418335,-0.633574203,-2.697512731,1.016048237,-1.681464494
Nerlens Noel,OKC,-3.469260038,2.990398604,-0.478861435,-7.316530646,6.31770626,-0.998824386
Nerlens Noel,OKC,-1.349269665,3.120300368,1.771030703,-2.218391419,4.127549725,1.909158306
Dirk Nowitzki,DAL,-2.840806605,-4.032229247,-6.873035852,-2.026102599,-3.038316706,-5.064419306
Frank Ntilikina,NYK,-4.342148397,-0.637348013,-4.97949641,-3.762660763,-0.566126754,-4.328787517
James Nunnally,HOU,-4.439041285,-6.479898801,-10.91894009,-1.890224567,-5.824568281,-7.714792848
James Nunnally,MIN,2.957647886,-7.719187671,-4.761539785,2.03733787,-7.139133349,-5.101795478
Jusuf Nurkic,POR,1.469096491,5.238468905,6.707565395,2.072620295,4.527041089,6.599661384
David Nwaba,CLE,-0.059453573,1.140938928,1.081485355,-0.400267783,0.770244744,0.36997696
Semi Ojeleye,BOS,3.785836027,-0.17169029,3.614145736,1.316262251,-4.254701853,-2.938439603
Semi Ojeleye,BOS,-2.662923523,0.188498268,-2.474425255,-2.510441023,-0.653013554,-3.163454577
Jahlil Okafor,NOP,-1.386564889,-0.602034449,-1.988599338,-1.625361142,-1.563016267,-3.188377409
Elie Okobo,PHO,-3.497821409,-1.643265657,-5.141087066,-3.34393447,-1.513553575,-4.857488045
Josh Okogie,MIN,-1.656485779,1.836146393,0.179660614,-1.060024245,2.445716003,1.385691758
Victor Oladipo,IND,1.341066984,2.602969928,3.944036911,1.399072465,3.088803237,4.487875702
Kelly Olynyk,MIA,-0.49880179,0.939957486,0.441155695,0.428753867,0.559298164,0.988052031
Royce O'Neale,UTA,-1.983952269,3.629271354,1.645319085,-6.179532202,6.792344735,0.612812533
Royce O'Neale,UTA,-2.067233642,1.831607064,-0.235626578,-2.778641923,2.291922951,-0.486718971
Kyle O'Quinn,IND,-20.75863337,-2.855463743,-23.61409712,-1.55228224,-6.712982822,-8.265265062
Kyle O'Quinn,IND,-2.03134473,-2.893847764,-4.925192494,-1.40190441,-2.606735581,-4.008639991
Cedi Osman,CLE,-1.144410554,-2.064085816,-3.20849637,-0.676527483,-2.604808241,-3.281335724
Kelly Oubre Jr.,PHO,0.074349672,0.793570883,0.867920555,-0.284921249,0.928715464,0.643794215
Kelly Oubre Jr.,WAS,-1.163280989,0.320638834,-0.842642155,-1.562201236,-0.065648281,-1.627849517
Zaza Pachulia,DET,-9.237930172,-5.627543145,-14.86547332,-4.179056412,-3.567297089,-7.746353501
Zaza Pachulia,DET,-1.510562537,-0.100346804,-1.610909341,-2.667671762,0.538858952,-2.128812809
Jabari Parker,CHI,-1.523964799,-1.531443352,-3.05540815,-1.340350702,-2.021434746,-3.361785448
Jabari Parker,WAS,-0.773425712,-0.107554654,-0.880980367,-0.348119737,-0.658727839,-1.006847576
Tony Parker,CHA,-0.241287783,-3.834306346,-4.075594129,-0.808068184,-4.104054205,-4.912122388
Chandler Parsons,MEM,-3.261401013,-2.390727591,-5.652128604,-3.411542112,-2.154533817,-5.566075929
Patrick Patterson,OKC,-2.672439834,-1.028977772,-3.701417607,-3.894492122,-1.664630382,-5.559122504
Justin Patton,PHI,-0.183604998,-2.654194637,-2.837799635,1.248751458,-0.772831308,0.47592015
Chris Paul,HOU,2.824639032,3.225003067,6.049642099,3.672879457,5.460877013,9.13375647
Chris Paul,HOU,4.204955406,0.319404328,4.524359735,4.359346091,1.516875176,5.876221268
Cameron Payne,CLE,0.506191181,-3.067402348,-2.561211168,0.633824619,-2.745232023,-2.111407405
Cameron Payne,CHI,-1.837082972,-2.121331622,-3.958414594,-2.621483926,-2.167324277,-4.788808203
Elfrid Payton,NOP,-0.106921461,-0.462357277,-0.569278738,-0.622024499,-1.180941812,-1.802966311
Gary Payton II,WAS,1.552231144,5.452017651,7.004248795,1.059217221,8.588548577,9.647765798
Theo Pinson,BRK,1.050777052,0.149247704,1.200024756,1.034199622,1.368582436,2.402782059
Theo Pinson,BRK,-1.822985698,0.775407316,-1.047578382,-0.859179966,-0.725408272,-1.584588238
Mason Plumlee,DEN,-0.408221432,-2.651071836,-3.059293268,-4.439638345,-2.86337071,-7.303009056
Mason Plumlee,DEN,-0.747707789,-0.134773339,-0.882481128,-0.398757714,0.314525331,-0.084232383
Miles Plumlee,ATL,-0.528793552,-3.049328232,-3.578121783,-0.882328113,-3.386899119,-4.269227232
Jakob Poeltl,SAS,1.038065453,-1.011939444,0.026126009,1.606313591,1.087348847,2.693662438
Jakob Poeltl,SAS,0.909554435,0.771743455,1.68129789,0.265176631,0.493984624,0.759161255
Quincy Pondexter,SAS,1.529678329,6.328052547,7.857730876,-2.559924149,8.811273038,6.251348889
Quincy Pondexter,SAS,-0.966213601,-0.348150343,-1.314363944,-3.256138986,-1.1875462,-4.443685186
Otto Porter Jr.,CHI,3.304789151,0.926250306,4.231039458,2.419033769,0.297886945,2.716920714
Otto Porter Jr.,WAS,0.043460914,1.382850964,1.426311878,0.457027322,1.556349106,2.013376429
Bobby Portis,CHI,-0.483533155,-4.187758605,-4.67129176,-1.256546772,-4.200059379,-5.456606151
Bobby Portis,WAS,-2.393112876,-2.700678112,-5.093790988,-1.315359727,-1.503802429,-2.819162156
Dwight Powell,DAL,1.358242997,0.174820159,1.533063157,1.834384546,0.056685171,1.891069717
Norman Powell,TOR,1.203550245,-0.14754835,1.056001895,0.872747688,0.031292609,0.904040296
Norman Powell,TOR,-0.353491871,-1.398259799,-1.75175167,-0.557890501,-1.044112875,-1.602003376
Alex Poythress,ATL,-3.393141153,-2.026060345,-5.419201497,-4.211714949,-2.772045347,-6.983760297
Taurean Prince,ATL,-0.8670249,-1.285752005,-2.152776905,-0.457504505,-1.731823911,-2.189328416
Zhou Qi,HOU,4.322809305,-9.956534388,-5.633725084,2.240807341,-10.20912316,-7.968315821
Ivan Rabb,MEM,-0.83718073,-4.218155244,-5.055335974,-2.477758057,-2.618722031,-5.096480088
Chasson Randle,WAS,-0.866253213,-2.501118918,-3.367372131,-1.380548792,-2.139182946,-3.519731738
Julius Randle,NOP,0.549141001,-2.038782395,-1.489641394,0.22267086,-2.183656059,-1.960985198
JJ Redick,PHI,0.552677013,-2.304396466,-1.751719453,0.740230488,-3.28663603,-2.546405542
JJ Redick,PHI,2.350167667,-1.403102337,0.94706533,1.968375018,-1.12733715,0.841037868
Davon Reed,IND,-3.023577513,-2.829179516,-5.85275703,-3.761616592,-3.046827143,-6.808443735
Cameron Reynolds,MIN,0.010122068,-1.975640185,-1.965518117,-0.248117082,-2.04215475,-2.290271832
Josh Richardson,MIA,0.699040168,0.640320877,1.339361045,1.241451936,1.369576509,2.611028445
Malachi Richardson,TOR,-4.984000833,-5.068676567,-10.0526774,-5.620902558,-3.104794885,-8.725697444
Austin Rivers,HOU,-1.088883812,-0.841835575,-1.930719387,0.643149614,0.507181917,1.150331531
Austin Rivers,WAS,-3.000036139,-1.951579037,-4.951615176,-2.730945957,-1.725216474,-4.456162431
Austin Rivers,HOU,-1.18702896,-1.029340181,-2.216369141,-0.59836122,-0.344237389,-0.942598609
Devin Robinson,WAS,2.608793016,2.752240638,5.361033654,2.729425977,1.296175083,4.02560106
Duncan Robinson,MIA,-3.918532416,-1.877385805,-5.795918221,-3.240196516,-2.37778444,-5.617980956
Glenn Robinson III,DET,-3.124966044,-4.80581013,-7.930776173,-1.42214989,-3.987631716,-5.409781606
Glenn Robinson III,DET,-2.909714215,0.405802447,-2.503911769,-3.911977539,-0.581493058,-4.493470597
Jerome Robinson,LAC,6.746277159,-6.316387478,0.429889681,3.367013972,-3.054151106,0.312862866
Jerome Robinson,LAC,-1.055677028,-1.125527583,-2.18120461,-1.320551079,-1.43591669,-2.756467769
Mitchell Robinson,NYK,-0.68157571,0.832504808,0.150929098,-1.073866856,0.797330916,-0.27653594
Rajon Rondo,LAL,-0.405056742,-0.756985613,-1.162042355,-0.901660739,-0.758307329,-1.659968069
Derrick Rose,MIN,2.811869762,-1.052444994,1.759424767,1.384319926,-1.530387645,-0.14606772
Terrence Ross,ORL,1.713813105,-2.856652938,-1.142839833,3.093584181,-0.779200219,2.314383962
Terrence Ross,ORL,2.171898265,-0.863758543,1.308139723,1.053049027,-0.591082447,0.46196658
Terry Rozier,BOS,-0.57012286,3.072395186,2.502272326,0.283595817,3.041570027,3.325165844
Terry Rozier,BOS,-0.595633873,-0.065672891,-0.661306764,-0.889862796,0.215307038,-0.674555757
Ricky Rubio,UTA,2.519945403,-2.024372197,0.495573206,3.69842795,-0.530780427,3.167647523
Ricky Rubio,UTA,-0.380738016,1.25540935,0.874671334,0.259267069,2.335436143,2.594703212
D'Angelo Russell,BRK,-1.535210867,-4.209500544,-5.74471141,-3.472197366,-7.686272665,-11.15847003
D'Angelo Russell,BRK,2.969863701,-0.569027134,2.400836567,3.173505989,-0.619807206,2.553698783
Domantas Sabonis,IND,-1.101160485,5.266984417,4.165823932,-2.711491238,4.864652999,2.153161761
Domantas Sabonis,IND,1.289804866,0.214220972,1.504025838,1.003395545,0.7864999,1.789895446
Brandon Sampson,CHI,-4.398776173,-4.513896278,-8.912672451,-3.569245909,-4.50448961,-8.073735519
JaKarr Sampson,CHI,1.548543419,-0.871612277,0.676931142,-1.173835161,-1.349135554,-2.522970715
Dario Saric,PHI,-3.392976864,-1.085083621,-4.478060486,-2.254955128,-1.019775071,-3.274730199
Dario Saric,MIN,0.165872051,-0.553676888,-0.387804837,0.451028807,-0.786807588,-0.33577878
Tomas Satoransky,WAS,0.458877798,-0.867659319,-0.408781521,-0.170902465,-0.327869268,-0.498771733
Dennis Schroder,OKC,1.590577653,-1.859114889,-0.268537236,-5.65497881,0.514588031,-5.140390779
Dennis Schroder,OKC,0.258456155,-0.494065313,-0.235609158,-0.485178136,0.049920259,-0.435257877
Mike Scott,PHI,0.370552634,-3.753455065,-3.38290243,-0.874816422,-5.081940667,-5.956757089
Mike Scott,LAC,-1.562311417,-1.957098927,-3.519410344,-1.858029778,-2.061533845,-3.919563624
Mike Scott,PHI,-1.738885231,-3.285140958,-5.024026189,-1.794594669,-2.976429431,-4.7710241
Thabo Sefolosha,UTA,-6.749401136,1.060902947,-5.688498189,-9.552041633,0.677479523,-8.87456211
Thabo Sefolosha,UTA,-2.096928613,4.285706505,2.188777892,-1.360571934,3.374011894,2.013439959
Wayne Selden,MEM,-2.64025338,-3.607963053,-6.248216433,-2.971348584,-3.180621458,-6.151970041
Wayne Selden,CHI,-3.31819006,-2.925299352,-6.243489411,-4.123366766,-3.266148337,-7.389515103
Collin Sexton,CLE,-2.837322529,-5.072542927,-7.909865456,-2.453223831,-4.693736234,-7.146960066
Landry Shamet,LAC,-1.375695355,1.375253386,-0.000441969,0.309715667,5.398668157,5.708383824
Landry Shamet,PHI,0.9693886,-0.666282025,0.303106575,-0.009441059,-0.733755042,-0.743196101
Landry Shamet,LAC,0.951822616,-1.537782821,-0.585960205,0.768922722,-0.898199971,-0.129277248
Iman Shumpert,HOU,-1.590050618,0.250441006,-1.339609611,-0.112369442,-1.036783962,-1.149153404
Iman Shumpert,HOU,-4.101444056,-0.301982333,-4.403426389,-3.472154572,-0.435223175,-3.907377747
Iman Shumpert,SAC,-0.723643743,1.907437342,1.183793599,-0.164077402,1.299135434,1.135058032
Pascal Siakam,TOR,0.394659303,1.407583578,1.802242881,1.304094172,1.913863181,3.217957353
Pascal Siakam,TOR,1.065401784,0.504309165,1.569710949,1.470885172,1.362819364,2.833704536
Jordan Sibert,ATL,10.52197441,-18.08108359,-7.559109179,7.288802927,-20.75935827,-13.47055535
Ben Simmons,PHI,1.678758109,1.754134332,3.432892441,0.979268848,1.874391353,2.853660201
Ben Simmons,PHI,0.903949082,-1.213487481,-0.309538399,0.841799115,-1.023894854,-0.182095739
Jonathon Simmons,PHI,-5.192236422,-9.758560743,-14.95079716,-5.818853335,-15.33408081,-21.15293415
Jonathon Simmons,PHI,1.275165773,-2.331943157,-1.056777384,0.37804602,-2.234055671,-1.856009651
Jonathon Simmons,ORL,-3.540432335,0.699889308,-2.840543027,-4.193832697,-0.36290938,-4.556742076
Kobi Simmons,CLE,-7.66521548,11.96403299,4.298817513,-9.742481122,15.09525099,5.352769869
Anfernee Simons,POR,-15.23278748,1.622870526,-13.60991695,-13.82157912,0.017006185,-13.80457293
Anfernee Simons,POR,-1.942207781,-5.484689617,-7.426897398,-2.684700868,-6.89502487,-9.579725738
Marcus Smart,BOS,-5.474903578,7.140432717,1.66552914,-3.527990929,5.943520295,2.415529366
Marcus Smart,BOS,-0.019676386,2.414918081,2.395241695,0.800170377,2.985747033,3.78591741
Dennis Smith Jr.,DAL,-2.796112865,0.729422904,-2.066689961,-2.200802319,1.119780756,-1.081021563
Dennis Smith Jr.,NYK,-2.515083013,1.221630954,-1.293452059,-2.702412054,1.271680998,-1.430731056
Ish Smith,DET,-5.987725404,-1.995556096,-7.9832815,-4.534824425,0.338135045,-4.19668938
Ish Smith,DET,-0.249931522,-1.333400541,-1.583332062,-0.348725625,-1.137463142,-1.486188767
Jason Smith,NOP,-5.660116321,-3.225544652,-8.885660972,-2.17588339,-5.609418177,-7.785301566
Jason Smith,WAS,-4.140921568,-1.903271658,-6.044193226,-3.227214865,-1.873777327,-5.100992192
Jason Smith,MIL,-6.801536273,1.231913274,-5.569622999,-7.339976318,-0.240609884,-7.580586202
JR Smith,CLE,-2.83022863,-2.097215185,-4.927443815,-1.964573845,-1.744528713,-3.709102558
Zhaire Smith,PHI,-3.931787966,13.78757196,9.855783992,-3.742147543,18.68191985,14.93977231
Zhaire Smith,PHI,-0.849045619,-1.177452162,-2.026497781,0.760670601,-2.438071183,-1.677400581
Tony Snell,MIL,-1.654052019,-3.501202892,-5.155254911,-1.093671087,-7.072341026,-8.166012113
Tony Snell,MIL,-0.188049534,-1.441510554,-1.629560088,-0.411811322,-1.48123618,-1.893047502
Ray Spalding,PHO,-4.337762649,-3.010814185,-7.348576834,-4.572799481,-1.258146639,-5.830946121
Ray Spalding,DAL,-20.27274823,-15.72068701,-35.99343523,-32.03284089,-6.441144588,-38.47398548
Omari Spellman,ATL,-2.409904566,-0.046040886,-2.455945453,-2.519662457,-1.539322975,-4.058985432
Nik Stauskas,POR,-0.933915037,-3.022899322,-3.95681436,-2.115406615,-3.940583359,-6.055989974
Nik Stauskas,CLE,0.357860346,-2.987442326,-2.629581979,-0.237894965,-4.133870286,-4.371765251
DJ Stephens,MEM,-8.795978746,1.59030792,-7.205670826,-5.894075977,-0.257247832,-6.151323808
Lance Stephenson,LAL,-1.081390159,-2.305323511,-3.38671367,-1.695466283,-2.559322842,-4.254789125
Edmond Sumner,IND,1.563443607,5.048192177,6.611635784,9.497271356,7.47122058,16.96849194
Edmond Sumner,IND,-3.443404725,-0.927547307,-4.370952032,-4.113349633,-0.84972379,-4.963073424
Caleb Swanigan,POR,-9.795745491,-2.094375405,-11.8901209,-10.3133812,-1.96660125,-12.27998245
Caleb Swanigan,SAC,-5.319994241,8.65199807,3.332003829,-5.430927573,4.842076679,-0.588850895
Jayson Tatum,BOS,-1.115171254,-0.608101697,-1.723272952,1.203824379,0.444017471,1.64784185
Jayson Tatum,BOS,0.027581832,0.169145751,0.196727584,0.835109634,0.748360886,1.58347052
Jeff Teague,MIN,0.797826243,-1.097651961,-0.299825717,0.333781672,-1.112073242,-0.77829157
Garrett Temple,LAC,-3.349801423,2.643201504,-0.70659992,-4.182665535,4.736281571,0.553616036
Garrett Temple,MEM,-2.468034291,0.617284996,-1.850749295,-2.886210862,1.994016155,-0.892194707
Garrett Temple,LAC,-2.027607132,0.257227158,-1.770379974,-1.544739001,1.147244441,-0.39749456
Milos Teodosic,LAC,-1.318378614,-3.795275148,-5.113653762,-0.188345462,-2.594410463,-2.782755925
Jared Terrell,MIN,-7.573672811,-4.266931191,-11.840604,-5.941745348,-4.264660788,-10.20640614
Emanuel Terry,PHO,-4.302748659,3.709015196,-0.593733463,-2.030722322,4.85201161,2.821289289
Emanuel Terry,MIA,17.42197588,-19.0723697,-1.650393816,12.78815944,-12.86315678,-0.074997336
Daniel Theis,BOS,-5.487811039,5.95429032,0.466479281,-2.681969534,2.647714476,-0.034255058
Daniel Theis,BOS,-1.223275861,-0.645873914,-1.869149775,-1.560275583,0.541107195,-1.019168388
Isaiah Thomas,DEN,-3.740942448,-2.085511163,-5.826453611,-1.731065731,-2.663763454,-4.394829185
Khyri Thomas,DET,0.119599064,9.238279706,9.35787877,7.647772559,7.929265532,15.57703809
Khyri Thomas,DET,-4.659189177,-0.803399711,-5.462588888,-4.614049051,-1.213121731,-5.827170782
Lance Thomas,NYK,-4.003645446,-1.627563338,-5.631208785,-4.211683702,-1.34299403,-5.554677732
Klay Thompson,GSW,0.501186802,-0.256475678,0.244711124,0.319405567,-0.521836558,-0.20243099
Klay Thompson,GSW,0.9986454,-0.250013109,0.748632291,2.472224625,-0.302260632,2.169963993
Tristan Thompson,CLE,-0.221236426,1.648743834,1.427507408,-0.301074672,0.326214047,0.025139375
Sindarius Thornwell,LAC,-5.331459053,6.096271235,0.764812182,-6.108298966,5.647911889,-0.460387078
Sindarius Thornwell,LAC,-5.011949784,0.131531862,-4.880417922,-5.65249733,0.272119096,-5.380378234
Anthony Tolliver,MIN,-1.380424233,-0.860382169,-2.240806402,-1.361776535,-1.168306262,-2.530082797
Karl-Anthony Towns,MIN,3.282302691,0.081628354,3.363931045,3.786538782,0.616036112,4.402574894
Gary Trent Jr.,POR,-6.128116076,-2.491109749,-8.619225826,-4.893495732,-4.176731089,-9.070226822
Allonzo Trier,NYK,-0.906504224,-2.052952651,-2.959456875,-2.021507743,-2.336903398,-4.358411142
PJ Tucker,HOU,2.115599658,1.935756492,4.05135615,3.740862338,5.426548789,9.167411127
PJ Tucker,HOU,-1.919574792,1.927514777,0.007939984,-1.151274247,2.374264781,1.222990534
Evan Turner,POR,-3.507846044,1.947250468,-1.560595576,-3.426749118,0.414842031,-3.011907088
Evan Turner,POR,-1.604832022,0.328325293,-1.276506729,-1.257228492,-0.46125602,-1.718484512
Myles Turner,IND,-1.853530344,5.245751512,3.392221168,-0.729862954,3.975159604,3.24529665
Myles Turner,IND,-1.648527003,1.488807087,-0.159719916,-1.340940004,2.549497261,1.208557256
Ekpe Udoh,UTA,-14.3134716,-17.866508,-32.1799796,-13.93249303,-16.68857358,-30.62106661
Ekpe Udoh,UTA,0.160968107,-0.100975869,0.059992237,-0.938878512,-0.468665186,-1.407543699
Tyler Ulis,CHI,-4.461871398,57.30570498,52.84383358,-15.00184709,41.70460184,26.70275475
Jonas Valanciunas,TOR,1.128285447,2.196037447,3.324322894,0.18578345,1.336090981,1.521874431
Jonas Valanciunas,MEM,0.644501203,0.559860294,1.204361497,-0.344685263,0.292318766,-0.052366498
Jarred Vanderbilt,DEN,-5.823867853,18.20737662,12.38350877,-5.054288479,9.06240703,4.008118551
Jarred Vanderbilt,DEN,-8.132883218,8.401700345,0.268817127,-5.684671801,6.688593561,1.00392176
Fred VanVleet,TOR,0.665947418,0.048753268,0.714700686,-0.115401932,0.691459439,0.576057507
Fred VanVleet,TOR,1.538352473,-1.337142469,0.201210005,1.08306807,-0.28244664,0.80062143
Noah Vonleh,NYK,-1.463561593,1.152069486,-0.311492107,-1.178118434,0.638631841,-0.539486593
Nikola Vucevic,ORL,-6.18431372,4.941439919,-1.242873802,-2.580051617,2.133733628,-0.446317989
Nikola Vucevic,ORL,1.034003581,3.627781582,4.661785163,2.097135278,3.127189019,5.224324297
Dwyane Wade,MIA,0.566817586,-2.318800147,-1.751982561,0.329289786,-2.524652948,-2.195363162
Moritz Wagner,LAL,-3.504915566,-0.315125185,-3.820040751,-4.347730245,-0.773745847,-5.121476093
Dion Waiters,MIA,-0.468153165,-1.013438117,-1.481591281,0.66144789,-1.041941884,-0.380493994
Kemba Walker,CHA,4.660213016,1.201839363,5.862052378,5.653332695,0.506688149,6.160020844
Lonnie Walker IV,SAS,1.478501786,-7.11905059,-5.640548804,-0.629519804,-6.80375228,-7.433272084
Lonnie Walker IV,SAS,-4.815046587,1.919548513,-2.895498075,-6.694494671,-0.282694762,-6.977189432
Tyrone Wallace,LAC,-0.215411707,-0.740664532,-0.956076239,-5.843647777,3.998176874,-1.845470903
Tyrone Wallace,LAC,-2.765739428,-0.24341127,-3.009150697,-3.225961624,-0.535524005,-3.761485628
John Wall,WAS,0.526913231,-2.218877214,-1.691963983,0.468029517,-1.525971997,-1.05794248
Brad Wanamaker,BOS,-2.519802645,-7.706550776,-10.22635342,-2.077679855,-9.737711021,-11.81539088
Brad Wanamaker,BOS,0.038556559,-0.343082515,-0.304525956,-0.78327715,0.015385528,-0.767891622
T.J. Warren,PHO,0.75362919,-1.220622802,-0.466993613,0.686256747,-0.906602235,-0.220345489
Julian Washburn,MEM,-4.674302401,1.486757069,-3.187545332,-4.74411181,1.053385781,-3.690726028
Yuta Watanabe,MEM,-6.109135607,-1.706371577,-7.815507184,-5.374713377,-1.765000037,-7.139713414
Thomas Welsh,DEN,-1.427393948,2.227038939,0.799644991,-2.414803038,0.697874331,-1.716928707
Russell Westbrook,OKC,-0.368062077,-10.23765057,-10.60571265,-3.015480246,-10.49991088,-13.51539112
Russell Westbrook,OKC,2.203762085,0.312046533,2.515808618,3.331564879,0.549352756,3.880917634
Derrick White,SAS,3.962792508,3.9560547,7.918847207,2.8378903,3.568045132,6.405935431
Derrick White,SAS,-0.096197153,2.816143257,2.719946104,0.150650198,3.08301064,3.233660838
Hassan Whiteside,MIA,-1.014007558,4.482568174,3.468560616,-0.687465028,3.396254989,2.708789961
Okaro White,WAS,-3.655399957,6.429601164,2.774201207,-4.664041008,0.102264656,-4.561776351
Andrew Wiggins,MIN,-1.392979416,-0.880221705,-2.273201121,-0.7462425,-0.354920193,-1.101162693
Alan Williams,BRK,7.84597489,11.6338741,19.47984899,8.828079108,6.118116482,14.94619559
C.J. Williams,MIN,-2.762601483,-1.374755596,-4.137357079,-3.486468077,-1.002581346,-4.489049422
Johnathan Williams,LAL,-1.436611262,-2.491051478,-3.927662739,-1.735585229,-1.147538414,-2.883123643
Kenrich Williams,NOP,-1.246715736,1.380722288,0.134006552,-0.872564251,0.757200539,-0.115363712
Lou Williams,LAC,5.711743646,-5.033531359,0.678212287,1.965366104,-7.354972797,-5.389606693
Lou Williams,LAC,5.477769686,-4.159043782,1.318725904,4.042941501,-4.405614216,-0.362672715
Marvin Williams,CHA,-1.575451837,-0.676032832,-2.251484669,-0.917166293,-0.765213694,-1.682379986
Robert Williams III,BOS,0.284852647,11.35636525,11.6412179,0.936982224,1.047719271,1.984701495
Robert Williams III,BOS,-3.341883781,1.65473344,-1.687150341,-4.913726596,1.389322449,-3.524404147
Troy Williams,SAC,-1.568114455,-3.428541139,-4.996655594,-2.381763795,-2.648892175,-5.03065597
D.J. Wilson,MIL,-8.162219657,-7.224300628,-15.38652028,-6.830654439,-8.998316373,-15.82897081
D.J. Wilson,MIL,-1.920016737,1.389780176,-0.53023656,-1.842180345,0.806983986,-1.035196359
Justise Winslow,MIA,-0.791421005,-0.299498571,-1.090919576,-0.056047543,0.750099453,0.694051909
Christian Wood,MIL,-0.4446334,-4.856596657,-5.301230056,-2.120270604,-5.780971905,-7.901242509
Christian Wood,NOP,-0.361948495,-0.583707572,-0.945656067,-0.958405314,-1.039297374,-1.997702688
Delon Wright,TOR,1.114426228,2.091529272,3.2059555,0.101121529,1.589254211,1.69037574
Delon Wright,MEM,0.818552022,2.532283259,3.350835281,-0.365842663,3.000754649,2.634911986
Guerschon Yabusele,BOS,-2.574812295,2.966644448,0.391832153,-1.339543964,-0.744251917,-2.083795881
Guerschon Yabusele,BOS,-2.769494833,3.053899456,0.284404623,-3.792154253,1.730620296,-2.061533956
Nick Young,DEN,-3.128699164,-6.622920513,-9.751619677,-2.671375972,-4.934923135,-7.606299107
Thaddeus Young,IND,-0.957052675,7.009991188,6.052938512,2.934691858,9.402047243,12.3367391
Thaddeus Young,IND,0.292162288,2.199012237,2.491174524,0.480638732,2.336326679,2.816965411
Trae Young,ATL,2.097203861,-3.469196614,-1.371992753,2.795596691,-4.777071484,-1.981474793
Cody Zeller,CHA,0.023388635,0.708547501,0.731936136,0.277616709,0.640044641,0.91766135
Tyler Zeller,ATL,-5.817848543,8.353808223,2.535959679,-10.03695519,7.702648246,-2.334306947
Tyler Zeller,MEM,-0.148063647,4.410275699,4.262212052,0.42180024,4.003576227,4.425376467
Ante Zizic,CLE,-2.6148016,-1.767887761,-4.382689361,-2.392563392,-2.024149495,-4.416712887
Ivica Zubac,LAC,-1.783740543,5.013981149,3.230240605,-4.441708638,4.872226688,0.43051805
Ivica Zubac,LAL,-1.459352167,1.114247173,-0.345104994,-2.387527675,1.045694777,-1.341832899
Ivica Zubac,LAC,-3.23718351,1.41499581,-1.8221877,-3.105152003,0.994436357,-2.110715646
